2025-09-10 16:16:52,704 - api_automation - INFO - 解析命令行参数完成
2025-09-10 16:16:52,704 - api_automation - INFO - 参数详情: serve_report=False, generate_report=False, type=None, file=None
2025-09-10 16:16:52,705 - api_automation - INFO - 开始执行API自动化测试
2025-09-10 16:16:52,705 - api_automation - INFO - 测试路径: None
2025-09-10 16:16:52,705 - api_automation - INFO - 测试类型: None
2025-09-10 16:16:52,705 - api_automation - INFO - 运行所有测试用例
2025-09-10 16:16:52,705 - api_automation - INFO - 执行命令: pytest testcases/ -v --alluredir=./reports/allure_reports --clean-alluredir
2025-09-10 16:16:53,975 - api_automation - INFO - 查找所有测试文件，找到 4 个文件
2025-09-10 16:16:53,976 - api_automation - INFO - 读取测试文件: /Users/sunwenlong/PythonEducationalProject/ifrit/data/excel_data/test_case_addr_01.xls
2025-09-10 16:16:53,977 - api_automation - INFO - 开始读取测试用例文件: /Users/sunwenlong/PythonEducationalProject/ifrit/data/excel_data/test_case_addr_01.xls
2025-09-10 16:16:53,977 - api_automation - INFO - 文件是否存在: True
2025-09-10 16:16:53,977 - api_automation - INFO - 检测到.xls文件，使用xlrd引擎读取
2025-09-10 16:16:53,997 - api_automation - INFO - 成功读取文件，数据行数: 4
2025-09-10 16:16:54,026 - api_automation - INFO - 从 /Users/sunwenlong/PythonEducationalProject/ifrit/data/excel_data/test_case_addr_01.xls 成功读取 4 条测试用例
2025-09-10 16:16:54,027 - api_automation - INFO - 从 /Users/sunwenlong/PythonEducationalProject/ifrit/data/excel_data/test_case_addr_01.xls 加载了 4 条测试用例
2025-09-10 16:16:54,027 - api_automation - INFO - 读取测试文件: /Users/sunwenlong/PythonEducationalProject/ifrit/data/excel_data/test_case_addr_02.xls
2025-09-10 16:16:54,028 - api_automation - INFO - 开始读取测试用例文件: /Users/sunwenlong/PythonEducationalProject/ifrit/data/excel_data/test_case_addr_02.xls
2025-09-10 16:16:54,028 - api_automation - INFO - 文件是否存在: True
2025-09-10 16:16:54,028 - api_automation - INFO - 检测到.xls文件，使用xlrd引擎读取
2025-09-10 16:16:54,034 - api_automation - INFO - 成功读取文件，数据行数: 3
2025-09-10 16:16:54,050 - api_automation - INFO - 从 /Users/sunwenlong/PythonEducationalProject/ifrit/data/excel_data/test_case_addr_02.xls 成功读取 3 条测试用例
2025-09-10 16:16:54,050 - api_automation - INFO - 从 /Users/sunwenlong/PythonEducationalProject/ifrit/data/excel_data/test_case_addr_02.xls 加载了 3 条测试用例
2025-09-10 16:16:54,050 - api_automation - INFO - 读取测试文件: /Users/sunwenlong/PythonEducationalProject/ifrit/data/csv_data/test_case_addr_01.csv
2025-09-10 16:16:54,051 - api_automation - INFO - 开始读取测试用例文件: /Users/sunwenlong/PythonEducationalProject/ifrit/data/csv_data/test_case_addr_01.csv
2025-09-10 16:16:54,051 - api_automation - INFO - 文件是否存在: True
2025-09-10 16:16:54,051 - api_automation - INFO - 检测到.csv文件，使用CSV方式读取
2025-09-10 16:16:54,055 - api_automation - INFO - 成功读取文件，数据行数: 4
2025-09-10 16:16:54,067 - api_automation - INFO - 从 /Users/sunwenlong/PythonEducationalProject/ifrit/data/csv_data/test_case_addr_01.csv 成功读取 4 条测试用例
2025-09-10 16:16:54,067 - api_automation - INFO - 从 /Users/sunwenlong/PythonEducationalProject/ifrit/data/csv_data/test_case_addr_01.csv 加载了 4 条测试用例
2025-09-10 16:16:54,067 - api_automation - INFO - 读取测试文件: /Users/sunwenlong/PythonEducationalProject/ifrit/data/csv_data/test_case_addr_02.csv
2025-09-10 16:16:54,069 - api_automation - INFO - 开始读取测试用例文件: /Users/sunwenlong/PythonEducationalProject/ifrit/data/csv_data/test_case_addr_02.csv
2025-09-10 16:16:54,069 - api_automation - INFO - 文件是否存在: True
2025-09-10 16:16:54,069 - api_automation - INFO - 检测到.csv文件，使用CSV方式读取
2025-09-10 16:16:54,072 - api_automation - INFO - 成功读取文件，数据行数: 3
2025-09-10 16:16:54,085 - api_automation - INFO - 从 /Users/sunwenlong/PythonEducationalProject/ifrit/data/csv_data/test_case_addr_02.csv 成功读取 3 条测试用例
2025-09-10 16:16:54,086 - api_automation - INFO - 从 /Users/sunwenlong/PythonEducationalProject/ifrit/data/csv_data/test_case_addr_02.csv 加载了 3 条测试用例
2025-09-10 16:16:54,086 - api_automation - INFO - 总共加载了 14 条测试用例
2025-09-10 16:16:54,091 - api_automation - INFO - 查找所有测试文件，找到 3 个文件
2025-09-10 16:16:54,096 - api_automation - INFO - 查找所有测试文件，找到 3 个文件
2025-09-10 16:16:54,103 - api_automation - INFO - 开始执行测试用例: 1 - 登录
2025-09-10 16:16:54,104 - api_automation - INFO - 发送 POST 请求到 /api/login
2025-09-10 16:16:54,105 - api_automation - INFO - ==================================================
2025-09-10 16:16:54,106 - api_automation - INFO - 开始发送HTTP请求
2025-09-10 16:16:54,106 - api_automation - INFO - 请求方法: POST
2025-09-10 16:16:54,106 - api_automation - INFO - 请求URL: http://5912.org:6666/api/login
2025-09-10 16:16:54,106 - api_automation - INFO - 请求头: {
  "Content-Type": "application/json"
}
2025-09-10 16:16:54,106 - api_automation - INFO - JSON数据: {
  "username": "main",
  "password": "123456"
}
2025-09-10 16:16:54,106 - api_automation - INFO - 超时时间: 30秒
2025-09-10 16:16:54,106 - api_automation - INFO - ------------------------------
2025-09-10 16:16:54,179 - api_automation - INFO - 收到HTTP响应
2025-09-10 16:16:54,180 - api_automation - INFO - 响应状态码: 200
2025-09-10 16:16:54,180 - api_automation - INFO - 响应头: {
  "Server": "Werkzeug/3.1.3 Python/3.9.2",
  "Date": "Wed, 10 Sep 2025 08:16:54 GMT",
  "Content-Type": "text/html; charset=utf-8",
  "Content-Length": "89",
  "Access-Control-Allow-Origin": "*",
  "Connection": "close"
}
2025-09-10 16:16:54,180 - api_automation - INFO - 响应体: {"success": true, "message": "登录成功", "token": "7bdb5933aeae425aa148e950e6db569a"}
2025-09-10 16:16:54,180 - api_automation - INFO - 响应时间: 0.059723秒
2025-09-10 16:16:54,181 - api_automation - INFO - ==================================================
2025-09-10 16:16:54,181 - api_automation - INFO - 执行状态码断言: 期望 200
2025-09-10 16:16:54,181 - api_automation - INFO - 断言成功: 状态码 200 == 200
2025-09-10 16:16:54,181 - api_automation - INFO - 开始提取变量（简化格式）: 键=token=json.token
2025-09-10 16:16:54,181 - api_automation - INFO - JSON路径提取成功: token -> 7bdb5933aeae425aa148e950e6db569a
2025-09-10 16:16:54,181 - api_automation - INFO - 设置变量: token = 7bdb5933aeae425aa148e950e6db569a
2025-09-10 16:16:54,182 - api_automation - INFO - 变量提取成功: token = 7bdb5933aeae425aa148e950e6db569a
2025-09-10 16:16:54,183 - api_automation - INFO - 测试用例执行完成: 1 - 登录
2025-09-10 16:16:54,195 - api_automation - INFO - 开始执行测试用例: 2 - 地址列表查询
2025-09-10 16:16:54,196 - api_automation - INFO - 发送 POST 请求到 /api/address/list
2025-09-10 16:16:54,197 - api_automation - INFO - ==================================================
2025-09-10 16:16:54,197 - api_automation - INFO - 开始发送HTTP请求
2025-09-10 16:16:54,197 - api_automation - INFO - 请求方法: POST
2025-09-10 16:16:54,197 - api_automation - INFO - 请求URL: http://5912.org:6666/api/address/list
2025-09-10 16:16:54,197 - api_automation - INFO - 请求头: {
  "Content-Type": "application/json"
}
2025-09-10 16:16:54,197 - api_automation - INFO - JSON数据: {
  "username": "main",
  "token": "7bdb5933aeae425aa148e950e6db569a"
}
2025-09-10 16:16:54,197 - api_automation - INFO - 超时时间: 30秒
2025-09-10 16:16:54,198 - api_automation - INFO - ------------------------------
2025-09-10 16:16:54,250 - api_automation - INFO - 收到HTTP响应
2025-09-10 16:16:54,251 - api_automation - INFO - 响应状态码: 200
2025-09-10 16:16:54,251 - api_automation - INFO - 响应头: {
  "Server": "Werkzeug/3.1.3 Python/3.9.2",
  "Date": "Wed, 10 Sep 2025 08:16:54 GMT",
  "Content-Type": "text/html; charset=utf-8",
  "Content-Length": "305",
  "Access-Control-Allow-Origin": "*",
  "Connection": "close"
}
2025-09-10 16:16:54,251 - api_automation - INFO - 响应体: {"success": true, "message": "查询成功", "data": [{"id": 3, "name": "张三", "phone": "13800138000", "province": "北京市", "city": "北京市", "district": "朝阳区", "detail": "某某街道123号", "is_default": false, "created_at": "2025-08-20 09:06:27", "updated_at": "2025-08-20 09:06:27"}]}
2025-09-10 16:16:54,251 - api_automation - INFO - 响应时间: 0.044706秒
2025-09-10 16:16:54,251 - api_automation - INFO - ==================================================
2025-09-10 16:16:54,252 - api_automation - INFO - 执行状态码断言: 期望 200
2025-09-10 16:16:54,252 - api_automation - INFO - 断言成功: 状态码 200 == 200
2025-09-10 16:16:54,253 - api_automation - INFO - 执行内容包含断言: 期望包含 '{"success": true, "message": "查询成功", "data": [{"id": 3, "name": "张三", "phone": "13800138000", "province": "北京市", "city":
"北京市", "district": "朝阳区", "detail": "某某街道123号", "is_default": false, "created_at": "2025-08-20 09:06:27", "updated_at":
"2025-08-20 09:06:27"}]}'
2025-09-10 16:16:54,253 - api_automation - INFO - 断言成功: 响应内容包含标准化后的 '{"success":true,"message":"查询成功","data":[{"id":3,"name":"张三","phone":"13800138000","province":"北京市","city":"北京市","district":"朝阳区","detail":"某某街道123号","is_default":false,"created_at":"2025-08-20 09:06:27","updated_at":"2025-08-20 09:06:27"}]}'
2025-09-10 16:16:54,254 - api_automation - INFO - 测试用例执行完成: 2 - 地址列表查询
2025-09-10 16:16:54,263 - api_automation - INFO - 开始执行测试用例: 3 - 地址列表查询
2025-09-10 16:16:54,264 - api_automation - INFO - 发送 POST 请求到 /api/address/list
2025-09-10 16:16:54,265 - api_automation - INFO - ==================================================
2025-09-10 16:16:54,265 - api_automation - INFO - 开始发送HTTP请求
2025-09-10 16:16:54,265 - api_automation - INFO - 请求方法: POST
2025-09-10 16:16:54,265 - api_automation - INFO - 请求URL: http://5912.org:6666/api/address/list
2025-09-10 16:16:54,265 - api_automation - INFO - 请求头: {
  "Content-Type": "application/json"
}
2025-09-10 16:16:54,265 - api_automation - INFO - JSON数据: {
  "username": "main"
}
2025-09-10 16:16:54,266 - api_automation - INFO - 超时时间: 30秒
2025-09-10 16:16:54,266 - api_automation - INFO - ------------------------------
2025-09-10 16:16:54,294 - api_automation - INFO - 收到HTTP响应
2025-09-10 16:16:54,294 - api_automation - INFO - 响应状态码: 401
2025-09-10 16:16:54,295 - api_automation - INFO - 响应头: {
  "Server": "Werkzeug/3.1.3 Python/3.9.2",
  "Date": "Wed, 10 Sep 2025 08:16:54 GMT",
  "Content-Type": "text/html; charset=utf-8",
  "Content-Length": "56",
  "Access-Control-Allow-Origin": "*",
  "Connection": "close"
}
2025-09-10 16:16:54,295 - api_automation - INFO - 响应体: {"success": false, "message": "缺少用户名或Token"}
2025-09-10 16:16:54,295 - api_automation - INFO - 响应时间: 0.02273秒
2025-09-10 16:16:54,295 - api_automation - INFO - ==================================================
2025-09-10 16:16:54,295 - api_automation - INFO - 执行状态码断言: 期望 401
2025-09-10 16:16:54,296 - api_automation - ERROR - 请求发送失败，未收到有效响应，无法执行状态码断言
2025-09-10 16:16:54,296 - api_automation - INFO - 执行内容包含断言: 期望包含 '{"success": false, "message": "缺少用户名或Token"}'
2025-09-10 16:16:54,296 - api_automation - INFO - 断言成功: 响应内容包含标准化后的 '{"success":false,"message":"缺少用户名或Token"}'
2025-09-10 16:16:54,297 - api_automation - INFO - 测试用例执行完成: 3 - 地址列表查询
2025-09-10 16:16:54,311 - api_automation - INFO - 开始执行测试用例: 4 - 地址列表查询
2025-09-10 16:16:54,312 - api_automation - INFO - 发送 POST 请求到 /api/address/list
2025-09-10 16:16:54,314 - api_automation - INFO - ==================================================
2025-09-10 16:16:54,314 - api_automation - INFO - 开始发送HTTP请求
2025-09-10 16:16:54,314 - api_automation - INFO - 请求方法: POST
2025-09-10 16:16:54,315 - api_automation - INFO - 请求URL: http://5912.org:6666/api/address/list
2025-09-10 16:16:54,315 - api_automation - INFO - 请求头: {
  "Content-Type": "application/json"
}
2025-09-10 16:16:54,315 - api_automation - INFO - JSON数据: {
  "username": "test",
  "token": "7bdb5933aeae425aa148e950e6db569a"
}
2025-09-10 16:16:54,315 - api_automation - INFO - 超时时间: 30秒
2025-09-10 16:16:54,316 - api_automation - INFO - ------------------------------
2025-09-10 16:16:54,355 - api_automation - INFO - 收到HTTP响应
2025-09-10 16:16:54,355 - api_automation - INFO - 响应状态码: 401
2025-09-10 16:16:54,356 - api_automation - INFO - 响应头: {
  "Server": "Werkzeug/3.1.3 Python/3.9.2",
  "Date": "Wed, 10 Sep 2025 08:16:54 GMT",
  "Content-Type": "text/html; charset=utf-8",
  "Content-Length": "50",
  "Access-Control-Allow-Origin": "*",
  "Connection": "close"
}
2025-09-10 16:16:54,356 - api_automation - INFO - 响应体: {"success": false, "message": "Token验证失败"}
2025-09-10 16:16:54,356 - api_automation - INFO - 响应时间: 0.03008秒
2025-09-10 16:16:54,356 - api_automation - INFO - ==================================================
2025-09-10 16:16:54,356 - api_automation - INFO - 执行状态码断言: 期望 401
2025-09-10 16:16:54,357 - api_automation - ERROR - 请求发送失败，未收到有效响应，无法执行状态码断言
2025-09-10 16:16:54,357 - api_automation - INFO - 执行内容包含断言: 期望包含 '{"success": false, "message": "Token验证失败"}'
2025-09-10 16:16:54,357 - api_automation - INFO - 断言成功: 响应内容包含标准化后的 '{"success":false,"message":"Token验证失败"}'
2025-09-10 16:16:54,359 - api_automation - INFO - 测试用例执行完成: 4 - 地址列表查询
2025-09-10 16:16:54,377 - api_automation - INFO - 开始执行测试用例: 1 - 地址列表查询
2025-09-10 16:16:54,377 - api_automation - INFO - 发送 POST 请求到 /api/address/list
2025-09-10 16:16:54,379 - api_automation - INFO - ==================================================
2025-09-10 16:16:54,379 - api_automation - INFO - 开始发送HTTP请求
2025-09-10 16:16:54,379 - api_automation - INFO - 请求方法: POST
2025-09-10 16:16:54,379 - api_automation - INFO - 请求URL: http://5912.org:6666/api/address/list
2025-09-10 16:16:54,379 - api_automation - INFO - 请求头: {
  "Content-Type": "application/json"
}
2025-09-10 16:16:54,380 - api_automation - INFO - JSON数据: {
  "username": "main",
  "token": "7bdb5933aeae425aa148e950e6db569a"
}
2025-09-10 16:16:54,380 - api_automation - INFO - 超时时间: 30秒
2025-09-10 16:16:54,380 - api_automation - INFO - ------------------------------
2025-09-10 16:16:54,459 - api_automation - INFO - 收到HTTP响应
2025-09-10 16:16:54,459 - api_automation - INFO - 响应状态码: 200
2025-09-10 16:16:54,460 - api_automation - INFO - 响应头: {
  "Server": "Werkzeug/3.1.3 Python/3.9.2",
  "Date": "Wed, 10 Sep 2025 08:16:54 GMT",
  "Content-Type": "text/html; charset=utf-8",
  "Content-Length": "305",
  "Access-Control-Allow-Origin": "*",
  "Connection": "close"
}
2025-09-10 16:16:54,461 - api_automation - INFO - 响应体: {"success": true, "message": "查询成功", "data": [{"id": 3, "name": "张三", "phone": "13800138000", "province": "北京市", "city": "北京市", "district": "朝阳区", "detail": "某某街道123号", "is_default": false, "created_at": "2025-08-20 09:06:27", "updated_at": "2025-08-20 09:06:27"}]}
2025-09-10 16:16:54,461 - api_automation - INFO - 响应时间: 0.068202秒
2025-09-10 16:16:54,461 - api_automation - INFO - ==================================================
2025-09-10 16:16:54,461 - api_automation - INFO - 执行状态码断言: 期望 200
2025-09-10 16:16:54,461 - api_automation - INFO - 断言成功: 状态码 200 == 200
2025-09-10 16:16:54,461 - api_automation - INFO - 执行内容包含断言: 期望包含 '{"success": true, "message": "查询成功", "data": [{"id": 3, "name": "张三", "phone": "13800138000", "province": "北京市", "city":
"北京市", "district": "朝阳区", "detail": "某某街道123号", "is_default": false, "created_at": "2025-08-20 09:06:27", "updated_at":
"2025-08-20 09:06:27"}]}'
2025-09-10 16:16:54,462 - api_automation - INFO - 断言成功: 响应内容包含标准化后的 '{"success":true,"message":"查询成功","data":[{"id":3,"name":"张三","phone":"13800138000","province":"北京市","city":"北京市","district":"朝阳区","detail":"某某街道123号","is_default":false,"created_at":"2025-08-20 09:06:27","updated_at":"2025-08-20 09:06:27"}]}'
2025-09-10 16:16:54,463 - api_automation - INFO - 测试用例执行完成: 1 - 地址列表查询
2025-09-10 16:16:54,473 - api_automation - INFO - 开始执行测试用例: 2 - 地址列表查询
2025-09-10 16:16:54,474 - api_automation - INFO - 发送 POST 请求到 /api/address/list
2025-09-10 16:16:54,475 - api_automation - INFO - ==================================================
2025-09-10 16:16:54,475 - api_automation - INFO - 开始发送HTTP请求
2025-09-10 16:16:54,475 - api_automation - INFO - 请求方法: POST
2025-09-10 16:16:54,475 - api_automation - INFO - 请求URL: http://5912.org:6666/api/address/list
2025-09-10 16:16:54,475 - api_automation - INFO - 请求头: {
  "Content-Type": "application/json"
}
2025-09-10 16:16:54,475 - api_automation - INFO - JSON数据: {
  "username": "main"
}
2025-09-10 16:16:54,475 - api_automation - INFO - 超时时间: 30秒
2025-09-10 16:16:54,475 - api_automation - INFO - ------------------------------
2025-09-10 16:16:54,506 - api_automation - INFO - 收到HTTP响应
2025-09-10 16:16:54,507 - api_automation - INFO - 响应状态码: 401
2025-09-10 16:16:54,507 - api_automation - INFO - 响应头: {
  "Server": "Werkzeug/3.1.3 Python/3.9.2",
  "Date": "Wed, 10 Sep 2025 08:16:54 GMT",
  "Content-Type": "text/html; charset=utf-8",
  "Content-Length": "56",
  "Access-Control-Allow-Origin": "*",
  "Connection": "close"
}
2025-09-10 16:16:54,507 - api_automation - INFO - 响应体: {"success": false, "message": "缺少用户名或Token"}
2025-09-10 16:16:54,507 - api_automation - INFO - 响应时间: 0.023737秒
2025-09-10 16:16:54,507 - api_automation - INFO - ==================================================
2025-09-10 16:16:54,507 - api_automation - INFO - 执行状态码断言: 期望 401
2025-09-10 16:16:54,507 - api_automation - ERROR - 请求发送失败，未收到有效响应，无法执行状态码断言
2025-09-10 16:16:54,507 - api_automation - INFO - 执行内容包含断言: 期望包含 '{"success": false, "message": "缺少用户名或Token"}'
2025-09-10 16:16:54,508 - api_automation - INFO - 断言成功: 响应内容包含标准化后的 '{"success":false,"message":"缺少用户名或Token"}'
2025-09-10 16:16:54,508 - api_automation - INFO - 测试用例执行完成: 2 - 地址列表查询
2025-09-10 16:16:54,515 - api_automation - INFO - 开始执行测试用例: 3 - 地址列表查询
2025-09-10 16:16:54,515 - api_automation - INFO - 发送 POST 请求到 /api/address/list
2025-09-10 16:16:54,516 - api_automation - INFO - ==================================================
2025-09-10 16:16:54,516 - api_automation - INFO - 开始发送HTTP请求
2025-09-10 16:16:54,516 - api_automation - INFO - 请求方法: POST
2025-09-10 16:16:54,517 - api_automation - INFO - 请求URL: http://5912.org:6666/api/address/list
2025-09-10 16:16:54,517 - api_automation - INFO - 请求头: {
  "Content-Type": "application/json"
}
2025-09-10 16:16:54,517 - api_automation - INFO - JSON数据: {
  "username": "test",
  "token": "7bdb5933aeae425aa148e950e6db569a"
}
2025-09-10 16:16:54,517 - api_automation - INFO - 超时时间: 30秒
2025-09-10 16:16:54,517 - api_automation - INFO - ------------------------------
2025-09-10 16:16:54,559 - api_automation - INFO - 收到HTTP响应
2025-09-10 16:16:54,559 - api_automation - INFO - 响应状态码: 401
2025-09-10 16:16:54,559 - api_automation - INFO - 响应头: {
  "Server": "Werkzeug/3.1.3 Python/3.9.2",
  "Date": "Wed, 10 Sep 2025 08:16:54 GMT",
  "Content-Type": "text/html; charset=utf-8",
  "Content-Length": "50",
  "Access-Control-Allow-Origin": "*",
  "Connection": "close"
}
2025-09-10 16:16:54,559 - api_automation - INFO - 响应体: {"success": false, "message": "Token验证失败"}
2025-09-10 16:16:54,559 - api_automation - INFO - 响应时间: 0.034829秒
2025-09-10 16:16:54,559 - api_automation - INFO - ==================================================
2025-09-10 16:16:54,559 - api_automation - INFO - 执行状态码断言: 期望 401
2025-09-10 16:16:54,560 - api_automation - ERROR - 请求发送失败，未收到有效响应，无法执行状态码断言
2025-09-10 16:16:54,560 - api_automation - INFO - 执行内容包含断言: 期望包含 '{"success": false, "message": "Token验证失败"}'
2025-09-10 16:16:54,560 - api_automation - INFO - 断言成功: 响应内容包含标准化后的 '{"success":false,"message":"Token验证失败"}'
2025-09-10 16:16:54,560 - api_automation - INFO - 测试用例执行完成: 3 - 地址列表查询
2025-09-10 16:16:54,567 - api_automation - INFO - 开始执行测试用例: 1 - 登录
2025-09-10 16:16:54,567 - api_automation - INFO - 发送 POST 请求到 /api/login
2025-09-10 16:16:54,569 - api_automation - INFO - ==================================================
2025-09-10 16:16:54,569 - api_automation - INFO - 开始发送HTTP请求
2025-09-10 16:16:54,569 - api_automation - INFO - 请求方法: POST
2025-09-10 16:16:54,569 - api_automation - INFO - 请求URL: http://5912.org:6666/api/login
2025-09-10 16:16:54,569 - api_automation - INFO - 请求头: {
  "Content-Type": "application/json"
}
2025-09-10 16:16:54,569 - api_automation - INFO - JSON数据: {
  "username": "main",
  "password": "123456"
}
2025-09-10 16:16:54,570 - api_automation - INFO - 超时时间: 30秒
2025-09-10 16:16:54,570 - api_automation - INFO - ------------------------------
2025-09-10 16:16:54,608 - api_automation - INFO - 收到HTTP响应
2025-09-10 16:16:54,608 - api_automation - INFO - 响应状态码: 200
2025-09-10 16:16:54,608 - api_automation - INFO - 响应头: {
  "Server": "Werkzeug/3.1.3 Python/3.9.2",
  "Date": "Wed, 10 Sep 2025 08:16:54 GMT",
  "Content-Type": "text/html; charset=utf-8",
  "Content-Length": "89",
  "Access-Control-Allow-Origin": "*",
  "Connection": "close"
}
2025-09-10 16:16:54,608 - api_automation - INFO - 响应体: {"success": true, "message": "登录成功", "token": "7bdb5933aeae425aa148e950e6db569a"}
2025-09-10 16:16:54,609 - api_automation - INFO - 响应时间: 0.0325秒
2025-09-10 16:16:54,609 - api_automation - INFO - ==================================================
2025-09-10 16:16:54,609 - api_automation - INFO - 执行状态码断言: 期望 200
2025-09-10 16:16:54,609 - api_automation - INFO - 断言成功: 状态码 200 == 200
2025-09-10 16:16:54,609 - api_automation - INFO - 开始提取变量（简化格式）: 键=token=token
2025-09-10 16:16:54,610 - api_automation - INFO - JSON路径提取成功: token -> 7bdb5933aeae425aa148e950e6db569a
2025-09-10 16:16:54,610 - api_automation - INFO - 设置变量: token = 7bdb5933aeae425aa148e950e6db569a
2025-09-10 16:16:54,610 - api_automation - INFO - 变量提取成功: token = 7bdb5933aeae425aa148e950e6db569a
2025-09-10 16:16:54,611 - api_automation - INFO - 测试用例执行完成: 1 - 登录
2025-09-10 16:16:54,619 - api_automation - INFO - 开始执行测试用例: 2 - 地址列表验证
2025-09-10 16:16:54,619 - api_automation - INFO - 发送 POST 请求到 /api/address/list
2025-09-10 16:16:54,620 - api_automation - INFO - ==================================================
2025-09-10 16:16:54,620 - api_automation - INFO - 开始发送HTTP请求
2025-09-10 16:16:54,620 - api_automation - INFO - 请求方法: POST
2025-09-10 16:16:54,620 - api_automation - INFO - 请求URL: http://5912.org:6666/api/address/list
2025-09-10 16:16:54,620 - api_automation - INFO - 请求头: {
  "Content-Type": "application/json"
}
2025-09-10 16:16:54,620 - api_automation - INFO - JSON数据: {
  "username": "main",
  "token": "7bdb5933aeae425aa148e950e6db569a"
}
2025-09-10 16:16:54,621 - api_automation - INFO - 超时时间: 30秒
2025-09-10 16:16:54,621 - api_automation - INFO - ------------------------------
2025-09-10 16:16:54,689 - api_automation - INFO - 收到HTTP响应
2025-09-10 16:16:54,689 - api_automation - INFO - 响应状态码: 200
2025-09-10 16:16:54,690 - api_automation - INFO - 响应头: {
  "Server": "Werkzeug/3.1.3 Python/3.9.2",
  "Date": "Wed, 10 Sep 2025 08:16:54 GMT",
  "Content-Type": "text/html; charset=utf-8",
  "Content-Length": "305",
  "Access-Control-Allow-Origin": "*",
  "Connection": "close"
}
2025-09-10 16:16:54,690 - api_automation - INFO - 响应体: {"success": true, "message": "查询成功", "data": [{"id": 3, "name": "张三", "phone": "13800138000", "province": "北京市", "city": "北京市", "district": "朝阳区", "detail": "某某街道123号", "is_default": false, "created_at": "2025-08-20 09:06:27", "updated_at": "2025-08-20 09:06:27"}]}
2025-09-10 16:16:54,690 - api_automation - INFO - 响应时间: 0.055543秒
2025-09-10 16:16:54,690 - api_automation - INFO - ==================================================
2025-09-10 16:16:54,690 - api_automation - INFO - 执行状态码断言: 期望 200
2025-09-10 16:16:54,691 - api_automation - INFO - 断言成功: 状态码 200 == 200
2025-09-10 16:16:54,691 - api_automation - INFO - 执行内容包含断言: 期望包含 '{"success": true, "message": "查询成功", "data": [{"id": 3, "name": "张三", "phone": "13800138000", "province": "北京市", "city": "北京市", "district": "朝阳区", "detail": "某某街道123号", "is_default": false, "created_at": "2025-08-20 09:06:27", "updated_at": "2025-08-20 09:06:27"}]}'
2025-09-10 16:16:54,691 - api_automation - INFO - 断言成功: 响应内容包含标准化后的 '{"success":true,"message":"查询成功","data":[{"id":3,"name":"张三","phone":"13800138000","province":"北京市","city":"北京市","district":"朝阳区","detail":"某某街道123号","is_default":false,"created_at":"2025-08-20 09:06:27","updated_at":"2025-08-20 09:06:27"}]}'
2025-09-10 16:16:54,692 - api_automation - INFO - 测试用例执行完成: 2 - 地址列表验证
2025-09-10 16:16:54,705 - api_automation - INFO - 开始执行测试用例: 3 - 地址列表传参缺失验证
2025-09-10 16:16:54,705 - api_automation - INFO - 发送 POST 请求到 /api/address/list
2025-09-10 16:16:54,707 - api_automation - INFO - ==================================================
2025-09-10 16:16:54,707 - api_automation - INFO - 开始发送HTTP请求
2025-09-10 16:16:54,708 - api_automation - INFO - 请求方法: POST
2025-09-10 16:16:54,708 - api_automation - INFO - 请求URL: http://5912.org:6666/api/address/list
2025-09-10 16:16:54,708 - api_automation - INFO - 请求头: {
  "Content-Type": "application/json"
}
2025-09-10 16:16:54,708 - api_automation - INFO - JSON数据: {
  "username": "main"
}
2025-09-10 16:16:54,708 - api_automation - INFO - 超时时间: 30秒
2025-09-10 16:16:54,709 - api_automation - INFO - ------------------------------
2025-09-10 16:16:54,748 - api_automation - INFO - 收到HTTP响应
2025-09-10 16:16:54,748 - api_automation - INFO - 响应状态码: 401
2025-09-10 16:16:54,749 - api_automation - INFO - 响应头: {
  "Server": "Werkzeug/3.1.3 Python/3.9.2",
  "Date": "Wed, 10 Sep 2025 08:16:54 GMT",
  "Content-Type": "text/html; charset=utf-8",
  "Content-Length": "56",
  "Access-Control-Allow-Origin": "*",
  "Connection": "close"
}
2025-09-10 16:16:54,749 - api_automation - INFO - 响应体: {"success": false, "message": "缺少用户名或Token"}
2025-09-10 16:16:54,749 - api_automation - INFO - 响应时间: 0.033095秒
2025-09-10 16:16:54,749 - api_automation - INFO - ==================================================
2025-09-10 16:16:54,750 - api_automation - INFO - 执行状态码断言: 期望 401
2025-09-10 16:16:54,750 - api_automation - ERROR - 请求发送失败，未收到有效响应，无法执行状态码断言
2025-09-10 16:16:54,750 - api_automation - INFO - 执行内容包含断言: 期望包含 '{"success": false, "message": "缺少用户名或Token"}'
2025-09-10 16:16:54,750 - api_automation - INFO - 断言成功: 响应内容包含标准化后的 '{"success":false,"message":"缺少用户名或Token"}'
2025-09-10 16:16:54,751 - api_automation - INFO - 测试用例执行完成: 3 - 地址列表传参缺失验证
2025-09-10 16:16:54,759 - api_automation - INFO - 开始执行测试用例: 4 - 查询地址列表登录失败验证
2025-09-10 16:16:54,759 - api_automation - INFO - 发送 POST 请求到 /api/address/list
2025-09-10 16:16:54,760 - api_automation - INFO - ==================================================
2025-09-10 16:16:54,760 - api_automation - INFO - 开始发送HTTP请求
2025-09-10 16:16:54,760 - api_automation - INFO - 请求方法: POST
2025-09-10 16:16:54,760 - api_automation - INFO - 请求URL: http://5912.org:6666/api/address/list
2025-09-10 16:16:54,761 - api_automation - INFO - 请求头: {
  "Content-Type": "application/json"
}
2025-09-10 16:16:54,761 - api_automation - INFO - JSON数据: {
  "username": "test",
  "token": "7bdb5933aeae425aa148e950e6db569a"
}
2025-09-10 16:16:54,761 - api_automation - INFO - 超时时间: 30秒
2025-09-10 16:16:54,761 - api_automation - INFO - ------------------------------
2025-09-10 16:16:54,794 - api_automation - INFO - 收到HTTP响应
2025-09-10 16:16:54,794 - api_automation - INFO - 响应状态码: 401
2025-09-10 16:16:54,794 - api_automation - INFO - 响应头: {
  "Server": "Werkzeug/3.1.3 Python/3.9.2",
  "Date": "Wed, 10 Sep 2025 08:16:55 GMT",
  "Content-Type": "text/html; charset=utf-8",
  "Content-Length": "50",
  "Access-Control-Allow-Origin": "*",
  "Connection": "close"
}
2025-09-10 16:16:54,794 - api_automation - INFO - 响应体: {"success": false, "message": "Token验证失败"}
2025-09-10 16:16:54,794 - api_automation - INFO - 响应时间: 0.026989秒
2025-09-10 16:16:54,795 - api_automation - INFO - ==================================================
2025-09-10 16:16:54,795 - api_automation - INFO - 执行状态码断言: 期望 401
2025-09-10 16:16:54,795 - api_automation - ERROR - 请求发送失败，未收到有效响应，无法执行状态码断言
2025-09-10 16:16:54,795 - api_automation - INFO - 执行内容包含断言: 期望包含 '{"success": false, "message": "Token验证失败"}'
2025-09-10 16:16:54,795 - api_automation - INFO - 断言成功: 响应内容包含标准化后的 '{"success":false,"message":"Token验证失败"}'
2025-09-10 16:16:54,796 - api_automation - INFO - 测试用例执行完成: 4 - 查询地址列表登录失败验证
2025-09-10 16:16:54,807 - api_automation - INFO - 开始执行测试用例: 1 - 地址列表验证
2025-09-10 16:16:54,807 - api_automation - INFO - 发送 POST 请求到 /api/address/list
2025-09-10 16:16:54,809 - api_automation - INFO - ==================================================
2025-09-10 16:16:54,809 - api_automation - INFO - 开始发送HTTP请求
2025-09-10 16:16:54,809 - api_automation - INFO - 请求方法: POST
2025-09-10 16:16:54,810 - api_automation - INFO - 请求URL: http://5912.org:6666/api/address/list
2025-09-10 16:16:54,810 - api_automation - INFO - 请求头: {
  "Content-Type": "application/json"
}
2025-09-10 16:16:54,810 - api_automation - INFO - JSON数据: {
  "username": "main",
  "token": "7bdb5933aeae425aa148e950e6db569a"
}
2025-09-10 16:16:54,810 - api_automation - INFO - 超时时间: 30秒
2025-09-10 16:16:54,810 - api_automation - INFO - ------------------------------
2025-09-10 16:16:54,856 - api_automation - INFO - 收到HTTP响应
2025-09-10 16:16:54,856 - api_automation - INFO - 响应状态码: 200
2025-09-10 16:16:54,856 - api_automation - INFO - 响应头: {
  "Server": "Werkzeug/3.1.3 Python/3.9.2",
  "Date": "Wed, 10 Sep 2025 08:16:55 GMT",
  "Content-Type": "text/html; charset=utf-8",
  "Content-Length": "305",
  "Access-Control-Allow-Origin": "*",
  "Connection": "close"
}
2025-09-10 16:16:54,856 - api_automation - INFO - 响应体: {"success": true, "message": "查询成功", "data": [{"id": 3, "name": "张三", "phone": "13800138000", "province": "北京市", "city": "北京市", "district": "朝阳区", "detail": "某某街道123号", "is_default": false, "created_at": "2025-08-20 09:06:27", "updated_at": "2025-08-20 09:06:27"}]}
2025-09-10 16:16:54,857 - api_automation - INFO - 响应时间: 0.040011秒
2025-09-10 16:16:54,857 - api_automation - INFO - ==================================================
2025-09-10 16:16:54,857 - api_automation - INFO - 执行状态码断言: 期望 200
2025-09-10 16:16:54,857 - api_automation - INFO - 断言成功: 状态码 200 == 200
2025-09-10 16:16:54,857 - api_automation - INFO - 执行内容包含断言: 期望包含 '{"success": true, "message": "查询成功", "data": [{"id": 3, "name": "张三", "phone": "13800138000", "province": "北京市", "city": "北京市", "district": "朝阳区", "detail": "某某街道123号", "is_default": false, "created_at": "2025-08-20 09:06:27", "updated_at": "2025-08-20 09:06:27"}]}'
2025-09-10 16:16:54,857 - api_automation - INFO - 断言成功: 响应内容包含标准化后的 '{"success":true,"message":"查询成功","data":[{"id":3,"name":"张三","phone":"13800138000","province":"北京市","city":"北京市","district":"朝阳区","detail":"某某街道123号","is_default":false,"created_at":"2025-08-20 09:06:27","updated_at":"2025-08-20 09:06:27"}]}'
2025-09-10 16:16:54,858 - api_automation - INFO - 测试用例执行完成: 1 - 地址列表验证
2025-09-10 16:16:54,866 - api_automation - INFO - 开始执行测试用例: 2 - 地址列表传参缺失验证
2025-09-10 16:16:54,867 - api_automation - INFO - 发送 POST 请求到 /api/address/list
2025-09-10 16:16:54,869 - api_automation - INFO - ==================================================
2025-09-10 16:16:54,870 - api_automation - INFO - 开始发送HTTP请求
2025-09-10 16:16:54,870 - api_automation - INFO - 请求方法: POST
2025-09-10 16:16:54,870 - api_automation - INFO - 请求URL: http://5912.org:6666/api/address/list
2025-09-10 16:16:54,870 - api_automation - INFO - 请求头: {
  "Content-Type": "application/json"
}
2025-09-10 16:16:54,871 - api_automation - INFO - JSON数据: {
  "username": "main"
}
2025-09-10 16:16:54,871 - api_automation - INFO - 超时时间: 30秒
2025-09-10 16:16:54,871 - api_automation - INFO - ------------------------------
2025-09-10 16:16:54,931 - api_automation - INFO - 收到HTTP响应
2025-09-10 16:16:54,932 - api_automation - INFO - 响应状态码: 401
2025-09-10 16:16:54,932 - api_automation - INFO - 响应头: {
  "Server": "Werkzeug/3.1.3 Python/3.9.2",
  "Date": "Wed, 10 Sep 2025 08:16:55 GMT",
  "Content-Type": "text/html; charset=utf-8",
  "Content-Length": "56",
  "Access-Control-Allow-Origin": "*",
  "Connection": "close"
}
2025-09-10 16:16:54,932 - api_automation - INFO - 响应体: {"success": false, "message": "缺少用户名或Token"}
2025-09-10 16:16:54,932 - api_automation - INFO - 响应时间: 0.032424秒
2025-09-10 16:16:54,932 - api_automation - INFO - ==================================================
2025-09-10 16:16:54,932 - api_automation - INFO - 执行状态码断言: 期望 401
2025-09-10 16:16:54,932 - api_automation - ERROR - 请求发送失败，未收到有效响应，无法执行状态码断言
2025-09-10 16:16:54,933 - api_automation - INFO - 执行内容包含断言: 期望包含 '{"success": false, "message": "缺少用户名或Token"}'
2025-09-10 16:16:54,933 - api_automation - INFO - 断言成功: 响应内容包含标准化后的 '{"success":false,"message":"缺少用户名或Token"}'
2025-09-10 16:16:54,934 - api_automation - INFO - 测试用例执行完成: 2 - 地址列表传参缺失验证
2025-09-10 16:16:54,946 - api_automation - INFO - 开始执行测试用例: 3 - 查询地址列表登录失败验证
2025-09-10 16:16:54,946 - api_automation - INFO - 发送 POST 请求到 /api/address/list
2025-09-10 16:16:54,948 - api_automation - INFO - ==================================================
2025-09-10 16:16:54,948 - api_automation - INFO - 开始发送HTTP请求
2025-09-10 16:16:54,948 - api_automation - INFO - 请求方法: POST
2025-09-10 16:16:54,948 - api_automation - INFO - 请求URL: http://5912.org:6666/api/address/list
2025-09-10 16:16:54,948 - api_automation - INFO - 请求头: {
  "Content-Type": "application/json"
}
2025-09-10 16:16:54,949 - api_automation - INFO - JSON数据: {
  "username": "test",
  "token": "7bdb5933aeae425aa148e950e6db569a"
}
2025-09-10 16:16:54,949 - api_automation - INFO - 超时时间: 30秒
2025-09-10 16:16:54,949 - api_automation - INFO - ------------------------------
2025-09-10 16:16:54,983 - api_automation - INFO - 收到HTTP响应
2025-09-10 16:16:54,983 - api_automation - INFO - 响应状态码: 401
2025-09-10 16:16:54,983 - api_automation - INFO - 响应头: {
  "Server": "Werkzeug/3.1.3 Python/3.9.2",
  "Date": "Wed, 10 Sep 2025 08:16:55 GMT",
  "Content-Type": "text/html; charset=utf-8",
  "Content-Length": "50",
  "Access-Control-Allow-Origin": "*",
  "Connection": "close"
}
2025-09-10 16:16:54,983 - api_automation - INFO - 响应体: {"success": false, "message": "Token验证失败"}
2025-09-10 16:16:54,984 - api_automation - INFO - 响应时间: 0.027743秒
2025-09-10 16:16:54,984 - api_automation - INFO - ==================================================
2025-09-10 16:16:54,984 - api_automation - INFO - 执行状态码断言: 期望 200
2025-09-10 16:16:54,984 - api_automation - ERROR - 请求发送失败，未收到有效响应，无法执行状态码断言
2025-09-10 16:16:54,984 - api_automation - INFO - 执行内容包含断言: 期望包含 '{"success": false, "message": "Token验证失败111"}'
2025-09-10 16:16:54,984 - api_automation - ERROR - 内容包含断言失败: 标准化后的期望内容 '{"success":false,"message":"Token验证失败111"}' 未找到. 
2025-09-10 16:16:54,985 - api_automation - ERROR - 内容断言失败: 标准化后的期望内容 '{"success":false,"message":"Token验证失败111"}' 未找到. 
2025-09-10 16:16:55,387 - api_automation - INFO - 测试执行完成
2025-09-10 16:16:55,388 - api_automation - INFO - 测试执行完成，退出码: 1
2025-09-10 16:17:24,622 - api_automation - INFO - 解析命令行参数完成
2025-09-10 16:17:24,623 - api_automation - INFO - 参数详情: serve_report=False, generate_report=False, type=None, file=None
2025-09-10 16:17:24,623 - api_automation - INFO - 开始执行API自动化测试
2025-09-10 16:17:24,623 - api_automation - INFO - 测试路径: None
2025-09-10 16:17:24,623 - api_automation - INFO - 测试类型: None
2025-09-10 16:17:24,623 - api_automation - INFO - 运行所有测试用例
2025-09-10 16:17:24,623 - api_automation - INFO - 执行命令: pytest testcases/ -v --alluredir=./reports/allure_reports --clean-alluredir
2025-09-10 16:17:25,442 - api_automation - INFO - 查找所有测试文件，找到 4 个文件
2025-09-10 16:17:25,442 - api_automation - INFO - 读取测试文件: /Users/sunwenlong/PythonEducationalProject/ifrit/data/excel_data/test_case_addr_01.xls
2025-09-10 16:17:25,443 - api_automation - INFO - 开始读取测试用例文件: /Users/sunwenlong/PythonEducationalProject/ifrit/data/excel_data/test_case_addr_01.xls
2025-09-10 16:17:25,443 - api_automation - INFO - 文件是否存在: True
2025-09-10 16:17:25,443 - api_automation - INFO - 检测到.xls文件，使用xlrd引擎读取
2025-09-10 16:17:25,455 - api_automation - INFO - 成功读取文件，数据行数: 4
2025-09-10 16:17:25,468 - api_automation - INFO - 从 /Users/sunwenlong/PythonEducationalProject/ifrit/data/excel_data/test_case_addr_01.xls 成功读取 4 条测试用例
2025-09-10 16:17:25,469 - api_automation - INFO - 从 /Users/sunwenlong/PythonEducationalProject/ifrit/data/excel_data/test_case_addr_01.xls 加载了 4 条测试用例
2025-09-10 16:17:25,469 - api_automation - INFO - 读取测试文件: /Users/sunwenlong/PythonEducationalProject/ifrit/data/excel_data/test_case_addr_02.xls
2025-09-10 16:17:25,469 - api_automation - INFO - 开始读取测试用例文件: /Users/sunwenlong/PythonEducationalProject/ifrit/data/excel_data/test_case_addr_02.xls
2025-09-10 16:17:25,470 - api_automation - INFO - 文件是否存在: True
2025-09-10 16:17:25,470 - api_automation - INFO - 检测到.xls文件，使用xlrd引擎读取
2025-09-10 16:17:25,475 - api_automation - INFO - 成功读取文件，数据行数: 3
2025-09-10 16:17:25,487 - api_automation - INFO - 从 /Users/sunwenlong/PythonEducationalProject/ifrit/data/excel_data/test_case_addr_02.xls 成功读取 3 条测试用例
2025-09-10 16:17:25,487 - api_automation - INFO - 从 /Users/sunwenlong/PythonEducationalProject/ifrit/data/excel_data/test_case_addr_02.xls 加载了 3 条测试用例
2025-09-10 16:17:25,487 - api_automation - INFO - 读取测试文件: /Users/sunwenlong/PythonEducationalProject/ifrit/data/csv_data/test_case_addr_01.csv
2025-09-10 16:17:25,488 - api_automation - INFO - 开始读取测试用例文件: /Users/sunwenlong/PythonEducationalProject/ifrit/data/csv_data/test_case_addr_01.csv
2025-09-10 16:17:25,488 - api_automation - INFO - 文件是否存在: True
2025-09-10 16:17:25,488 - api_automation - INFO - 检测到.csv文件，使用CSV方式读取
2025-09-10 16:17:25,491 - api_automation - INFO - 成功读取文件，数据行数: 4
2025-09-10 16:17:25,502 - api_automation - INFO - 从 /Users/sunwenlong/PythonEducationalProject/ifrit/data/csv_data/test_case_addr_01.csv 成功读取 4 条测试用例
2025-09-10 16:17:25,502 - api_automation - INFO - 从 /Users/sunwenlong/PythonEducationalProject/ifrit/data/csv_data/test_case_addr_01.csv 加载了 4 条测试用例
2025-09-10 16:17:25,502 - api_automation - INFO - 读取测试文件: /Users/sunwenlong/PythonEducationalProject/ifrit/data/csv_data/test_case_addr_02.csv
2025-09-10 16:17:25,503 - api_automation - INFO - 开始读取测试用例文件: /Users/sunwenlong/PythonEducationalProject/ifrit/data/csv_data/test_case_addr_02.csv
2025-09-10 16:17:25,504 - api_automation - INFO - 文件是否存在: True
2025-09-10 16:17:25,504 - api_automation - INFO - 检测到.csv文件，使用CSV方式读取
2025-09-10 16:17:25,506 - api_automation - INFO - 成功读取文件，数据行数: 3
2025-09-10 16:17:25,518 - api_automation - INFO - 从 /Users/sunwenlong/PythonEducationalProject/ifrit/data/csv_data/test_case_addr_02.csv 成功读取 3 条测试用例
2025-09-10 16:17:25,518 - api_automation - INFO - 从 /Users/sunwenlong/PythonEducationalProject/ifrit/data/csv_data/test_case_addr_02.csv 加载了 3 条测试用例
2025-09-10 16:17:25,518 - api_automation - INFO - 总共加载了 14 条测试用例
2025-09-10 16:17:25,522 - api_automation - INFO - 查找所有测试文件，找到 3 个文件
2025-09-10 16:17:25,525 - api_automation - INFO - 查找所有测试文件，找到 3 个文件
2025-09-10 16:17:25,530 - api_automation - INFO - 开始执行测试用例: 1 - 登录
2025-09-10 16:17:25,530 - api_automation - INFO - 发送 POST 请求到 /api/login
2025-09-10 16:17:25,531 - api_automation - INFO - ==================================================
2025-09-10 16:17:25,532 - api_automation - INFO - 开始发送HTTP请求
2025-09-10 16:17:25,532 - api_automation - INFO - 请求方法: POST
2025-09-10 16:17:25,532 - api_automation - INFO - 请求URL: http://5912.org:6666/api/login
2025-09-10 16:17:25,532 - api_automation - INFO - 请求头: {
  "Content-Type": "application/json"
}
2025-09-10 16:17:25,532 - api_automation - INFO - JSON数据: {
  "username": "main",
  "password": "123456"
}
2025-09-10 16:17:25,532 - api_automation - INFO - 超时时间: 30秒
2025-09-10 16:17:25,532 - api_automation - INFO - ------------------------------
2025-09-10 16:17:25,601 - api_automation - INFO - 收到HTTP响应
2025-09-10 16:17:25,602 - api_automation - INFO - 响应状态码: 200
2025-09-10 16:17:25,602 - api_automation - INFO - 响应头: {
  "Server": "Werkzeug/3.1.3 Python/3.9.2",
  "Date": "Wed, 10 Sep 2025 08:17:25 GMT",
  "Content-Type": "text/html; charset=utf-8",
  "Content-Length": "89",
  "Access-Control-Allow-Origin": "*",
  "Connection": "close"
}
2025-09-10 16:17:25,602 - api_automation - INFO - 响应体: {"success": true, "message": "登录成功", "token": "7bdb5933aeae425aa148e950e6db569a"}
2025-09-10 16:17:25,603 - api_automation - INFO - 响应时间: 0.052624秒
2025-09-10 16:17:25,603 - api_automation - INFO - ==================================================
2025-09-10 16:17:25,603 - api_automation - INFO - 执行状态码断言: 期望 200
2025-09-10 16:17:25,603 - api_automation - INFO - 断言成功: 状态码 200 == 200
2025-09-10 16:17:25,603 - api_automation - INFO - 开始提取变量（简化格式）: 键=token=json.token
2025-09-10 16:17:25,604 - api_automation - INFO - JSON路径提取成功: token -> 7bdb5933aeae425aa148e950e6db569a
2025-09-10 16:17:25,604 - api_automation - INFO - 设置变量: token = 7bdb5933aeae425aa148e950e6db569a
2025-09-10 16:17:25,605 - api_automation - INFO - 变量提取成功: token = 7bdb5933aeae425aa148e950e6db569a
2025-09-10 16:17:25,605 - api_automation - INFO - 测试用例执行完成: 1 - 登录
2025-09-10 16:17:25,616 - api_automation - INFO - 开始执行测试用例: 2 - 地址列表查询
2025-09-10 16:17:25,616 - api_automation - INFO - 发送 POST 请求到 /api/address/list
2025-09-10 16:17:25,619 - api_automation - INFO - ==================================================
2025-09-10 16:17:25,619 - api_automation - INFO - 开始发送HTTP请求
2025-09-10 16:17:25,619 - api_automation - INFO - 请求方法: POST
2025-09-10 16:17:25,619 - api_automation - INFO - 请求URL: http://5912.org:6666/api/address/list
2025-09-10 16:17:25,619 - api_automation - INFO - 请求头: {
  "Content-Type": "application/json"
}
2025-09-10 16:17:25,619 - api_automation - INFO - JSON数据: {
  "username": "main",
  "token": "7bdb5933aeae425aa148e950e6db569a"
}
2025-09-10 16:17:25,619 - api_automation - INFO - 超时时间: 30秒
2025-09-10 16:17:25,620 - api_automation - INFO - ------------------------------
2025-09-10 16:17:25,651 - api_automation - INFO - 收到HTTP响应
2025-09-10 16:17:25,651 - api_automation - INFO - 响应状态码: 200
2025-09-10 16:17:25,651 - api_automation - INFO - 响应头: {
  "Server": "Werkzeug/3.1.3 Python/3.9.2",
  "Date": "Wed, 10 Sep 2025 08:17:25 GMT",
  "Content-Type": "text/html; charset=utf-8",
  "Content-Length": "305",
  "Access-Control-Allow-Origin": "*",
  "Connection": "close"
}
2025-09-10 16:17:25,652 - api_automation - INFO - 响应体: {"success": true, "message": "查询成功", "data": [{"id": 3, "name": "张三", "phone": "13800138000", "province": "北京市", "city": "北京市", "district": "朝阳区", "detail": "某某街道123号", "is_default": false, "created_at": "2025-08-20 09:06:27", "updated_at": "2025-08-20 09:06:27"}]}
2025-09-10 16:17:25,652 - api_automation - INFO - 响应时间: 0.023566秒
2025-09-10 16:17:25,652 - api_automation - INFO - ==================================================
2025-09-10 16:17:25,652 - api_automation - INFO - 执行状态码断言: 期望 200
2025-09-10 16:17:25,652 - api_automation - INFO - 断言成功: 状态码 200 == 200
2025-09-10 16:17:25,653 - api_automation - INFO - 执行内容包含断言: 期望包含 '{"success": true, "message": "查询成功", "data": [{"id": 3, "name": "张三", "phone": "13800138000", "province": "北京市", "city":
"北京市", "district": "朝阳区", "detail": "某某街道123号", "is_default": false, "created_at": "2025-08-20 09:06:27", "updated_at":
"2025-08-20 09:06:27"}]}'
2025-09-10 16:17:25,653 - api_automation - INFO - 断言成功: 响应内容包含标准化后的 '{"success":true,"message":"查询成功","data":[{"id":3,"name":"张三","phone":"13800138000","province":"北京市","city":"北京市","district":"朝阳区","detail":"某某街道123号","is_default":false,"created_at":"2025-08-20 09:06:27","updated_at":"2025-08-20 09:06:27"}]}'
2025-09-10 16:17:25,654 - api_automation - INFO - 测试用例执行完成: 2 - 地址列表查询
2025-09-10 16:17:25,663 - api_automation - INFO - 开始执行测试用例: 3 - 地址列表查询
2025-09-10 16:17:25,664 - api_automation - INFO - 发送 POST 请求到 /api/address/list
2025-09-10 16:17:25,665 - api_automation - INFO - ==================================================
2025-09-10 16:17:25,665 - api_automation - INFO - 开始发送HTTP请求
2025-09-10 16:17:25,665 - api_automation - INFO - 请求方法: POST
2025-09-10 16:17:25,665 - api_automation - INFO - 请求URL: http://5912.org:6666/api/address/list
2025-09-10 16:17:25,665 - api_automation - INFO - 请求头: {
  "Content-Type": "application/json"
}
2025-09-10 16:17:25,665 - api_automation - INFO - JSON数据: {
  "username": "main"
}
2025-09-10 16:17:25,665 - api_automation - INFO - 超时时间: 30秒
2025-09-10 16:17:25,666 - api_automation - INFO - ------------------------------
2025-09-10 16:17:25,690 - api_automation - INFO - 收到HTTP响应
2025-09-10 16:17:25,690 - api_automation - INFO - 响应状态码: 401
2025-09-10 16:17:25,691 - api_automation - INFO - 响应头: {
  "Server": "Werkzeug/3.1.3 Python/3.9.2",
  "Date": "Wed, 10 Sep 2025 08:17:25 GMT",
  "Content-Type": "text/html; charset=utf-8",
  "Content-Length": "56",
  "Access-Control-Allow-Origin": "*",
  "Connection": "close"
}
2025-09-10 16:17:25,691 - api_automation - INFO - 响应体: {"success": false, "message": "缺少用户名或Token"}
2025-09-10 16:17:25,691 - api_automation - INFO - 响应时间: 0.016117秒
2025-09-10 16:17:25,692 - api_automation - INFO - ==================================================
2025-09-10 16:17:25,692 - api_automation - INFO - 执行状态码断言: 期望 401
2025-09-10 16:17:25,692 - api_automation - ERROR - 请求发送失败，未收到有效响应，无法执行状态码断言
2025-09-10 16:17:25,693 - api_automation - INFO - 执行内容包含断言: 期望包含 '{"success": false, "message": "缺少用户名或Token"}'
2025-09-10 16:17:25,693 - api_automation - INFO - 断言成功: 响应内容包含标准化后的 '{"success":false,"message":"缺少用户名或Token"}'
2025-09-10 16:17:25,694 - api_automation - INFO - 测试用例执行完成: 3 - 地址列表查询
2025-09-10 16:17:25,706 - api_automation - INFO - 开始执行测试用例: 4 - 地址列表查询
2025-09-10 16:17:25,706 - api_automation - INFO - 发送 POST 请求到 /api/address/list
2025-09-10 16:17:25,707 - api_automation - INFO - ==================================================
2025-09-10 16:17:25,707 - api_automation - INFO - 开始发送HTTP请求
2025-09-10 16:17:25,707 - api_automation - INFO - 请求方法: POST
2025-09-10 16:17:25,707 - api_automation - INFO - 请求URL: http://5912.org:6666/api/address/list
2025-09-10 16:17:25,707 - api_automation - INFO - 请求头: {
  "Content-Type": "application/json"
}
2025-09-10 16:17:25,708 - api_automation - INFO - JSON数据: {
  "username": "test",
  "token": "7bdb5933aeae425aa148e950e6db569a"
}
2025-09-10 16:17:25,708 - api_automation - INFO - 超时时间: 30秒
2025-09-10 16:17:25,708 - api_automation - INFO - ------------------------------
2025-09-10 16:17:25,733 - api_automation - INFO - 收到HTTP响应
2025-09-10 16:17:25,733 - api_automation - INFO - 响应状态码: 401
2025-09-10 16:17:25,733 - api_automation - INFO - 响应头: {
  "Server": "Werkzeug/3.1.3 Python/3.9.2",
  "Date": "Wed, 10 Sep 2025 08:17:25 GMT",
  "Content-Type": "text/html; charset=utf-8",
  "Content-Length": "50",
  "Access-Control-Allow-Origin": "*",
  "Connection": "close"
}
2025-09-10 16:17:25,733 - api_automation - INFO - 响应体: {"success": false, "message": "Token验证失败"}
2025-09-10 16:17:25,734 - api_automation - INFO - 响应时间: 0.019196秒
2025-09-10 16:17:25,734 - api_automation - INFO - ==================================================
2025-09-10 16:17:25,734 - api_automation - INFO - 执行状态码断言: 期望 401
2025-09-10 16:17:25,734 - api_automation - ERROR - 请求发送失败，未收到有效响应，无法执行状态码断言
2025-09-10 16:17:25,734 - api_automation - INFO - 执行内容包含断言: 期望包含 '{"success": false, "message": "Token验证失败"}'
2025-09-10 16:17:25,734 - api_automation - INFO - 断言成功: 响应内容包含标准化后的 '{"success":false,"message":"Token验证失败"}'
2025-09-10 16:17:25,736 - api_automation - INFO - 测试用例执行完成: 4 - 地址列表查询
2025-09-10 16:17:25,749 - api_automation - INFO - 开始执行测试用例: 1 - 地址列表查询
2025-09-10 16:17:25,750 - api_automation - INFO - 发送 POST 请求到 /api/address/list
2025-09-10 16:17:25,751 - api_automation - INFO - ==================================================
2025-09-10 16:17:25,752 - api_automation - INFO - 开始发送HTTP请求
2025-09-10 16:17:25,752 - api_automation - INFO - 请求方法: POST
2025-09-10 16:17:25,752 - api_automation - INFO - 请求URL: http://5912.org:6666/api/address/list
2025-09-10 16:17:25,752 - api_automation - INFO - 请求头: {
  "Content-Type": "application/json"
}
2025-09-10 16:17:25,752 - api_automation - INFO - JSON数据: {
  "username": "main",
  "token": "7bdb5933aeae425aa148e950e6db569a"
}
2025-09-10 16:17:25,752 - api_automation - INFO - 超时时间: 30秒
2025-09-10 16:17:25,752 - api_automation - INFO - ------------------------------
2025-09-10 16:17:25,786 - api_automation - INFO - 收到HTTP响应
2025-09-10 16:17:25,787 - api_automation - INFO - 响应状态码: 200
2025-09-10 16:17:25,787 - api_automation - INFO - 响应头: {
  "Server": "Werkzeug/3.1.3 Python/3.9.2",
  "Date": "Wed, 10 Sep 2025 08:17:26 GMT",
  "Content-Type": "text/html; charset=utf-8",
  "Content-Length": "305",
  "Access-Control-Allow-Origin": "*",
  "Connection": "close"
}
2025-09-10 16:17:25,788 - api_automation - INFO - 响应体: {"success": true, "message": "查询成功", "data": [{"id": 3, "name": "张三", "phone": "13800138000", "province": "北京市", "city": "北京市", "district": "朝阳区", "detail": "某某街道123号", "is_default": false, "created_at": "2025-08-20 09:06:27", "updated_at": "2025-08-20 09:06:27"}]}
2025-09-10 16:17:25,789 - api_automation - INFO - 响应时间: 0.027165秒
2025-09-10 16:17:25,789 - api_automation - INFO - ==================================================
2025-09-10 16:17:25,789 - api_automation - INFO - 执行状态码断言: 期望 200
2025-09-10 16:17:25,789 - api_automation - INFO - 断言成功: 状态码 200 == 200
2025-09-10 16:17:25,789 - api_automation - INFO - 执行内容包含断言: 期望包含 '{"success": true, "message": "查询成功", "data": [{"id": 3, "name": "张三", "phone": "13800138000", "province": "北京市", "city":
"北京市", "district": "朝阳区", "detail": "某某街道123号", "is_default": false, "created_at": "2025-08-20 09:06:27", "updated_at":
"2025-08-20 09:06:27"}]}'
2025-09-10 16:17:25,790 - api_automation - INFO - 断言成功: 响应内容包含标准化后的 '{"success":true,"message":"查询成功","data":[{"id":3,"name":"张三","phone":"13800138000","province":"北京市","city":"北京市","district":"朝阳区","detail":"某某街道123号","is_default":false,"created_at":"2025-08-20 09:06:27","updated_at":"2025-08-20 09:06:27"}]}'
2025-09-10 16:17:25,791 - api_automation - INFO - 测试用例执行完成: 1 - 地址列表查询
2025-09-10 16:17:25,801 - api_automation - INFO - 开始执行测试用例: 2 - 地址列表查询
2025-09-10 16:17:25,801 - api_automation - INFO - 发送 POST 请求到 /api/address/list
2025-09-10 16:17:25,802 - api_automation - INFO - ==================================================
2025-09-10 16:17:25,802 - api_automation - INFO - 开始发送HTTP请求
2025-09-10 16:17:25,803 - api_automation - INFO - 请求方法: POST
2025-09-10 16:17:25,803 - api_automation - INFO - 请求URL: http://5912.org:6666/api/address/list
2025-09-10 16:17:25,803 - api_automation - INFO - 请求头: {
  "Content-Type": "application/json"
}
2025-09-10 16:17:25,804 - api_automation - INFO - JSON数据: {
  "username": "main"
}
2025-09-10 16:17:25,804 - api_automation - INFO - 超时时间: 30秒
2025-09-10 16:17:25,804 - api_automation - INFO - ------------------------------
2025-09-10 16:17:25,826 - api_automation - INFO - 收到HTTP响应
2025-09-10 16:17:25,826 - api_automation - INFO - 响应状态码: 401
2025-09-10 16:17:25,826 - api_automation - INFO - 响应头: {
  "Server": "Werkzeug/3.1.3 Python/3.9.2",
  "Date": "Wed, 10 Sep 2025 08:17:26 GMT",
  "Content-Type": "text/html; charset=utf-8",
  "Content-Length": "56",
  "Access-Control-Allow-Origin": "*",
  "Connection": "close"
}
2025-09-10 16:17:25,826 - api_automation - INFO - 响应体: {"success": false, "message": "缺少用户名或Token"}
2025-09-10 16:17:25,827 - api_automation - INFO - 响应时间: 0.016607秒
2025-09-10 16:17:25,827 - api_automation - INFO - ==================================================
2025-09-10 16:17:25,827 - api_automation - INFO - 执行状态码断言: 期望 401
2025-09-10 16:17:25,827 - api_automation - ERROR - 请求发送失败，未收到有效响应，无法执行状态码断言
2025-09-10 16:17:25,827 - api_automation - INFO - 执行内容包含断言: 期望包含 '{"success": false, "message": "缺少用户名或Token"}'
2025-09-10 16:17:25,827 - api_automation - INFO - 断言成功: 响应内容包含标准化后的 '{"success":false,"message":"缺少用户名或Token"}'
2025-09-10 16:17:25,828 - api_automation - INFO - 测试用例执行完成: 2 - 地址列表查询
2025-09-10 16:17:25,836 - api_automation - INFO - 开始执行测试用例: 3 - 地址列表查询
2025-09-10 16:17:25,836 - api_automation - INFO - 发送 POST 请求到 /api/address/list
2025-09-10 16:17:25,838 - api_automation - INFO - ==================================================
2025-09-10 16:17:25,839 - api_automation - INFO - 开始发送HTTP请求
2025-09-10 16:17:25,839 - api_automation - INFO - 请求方法: POST
2025-09-10 16:17:25,840 - api_automation - INFO - 请求URL: http://5912.org:6666/api/address/list
2025-09-10 16:17:25,840 - api_automation - INFO - 请求头: {
  "Content-Type": "application/json"
}
2025-09-10 16:17:25,840 - api_automation - INFO - JSON数据: {
  "username": "test",
  "token": "7bdb5933aeae425aa148e950e6db569a"
}
2025-09-10 16:17:25,841 - api_automation - INFO - 超时时间: 30秒
2025-09-10 16:17:25,841 - api_automation - INFO - ------------------------------
2025-09-10 16:17:25,873 - api_automation - INFO - 收到HTTP响应
2025-09-10 16:17:25,873 - api_automation - INFO - 响应状态码: 401
2025-09-10 16:17:25,874 - api_automation - INFO - 响应头: {
  "Server": "Werkzeug/3.1.3 Python/3.9.2",
  "Date": "Wed, 10 Sep 2025 08:17:26 GMT",
  "Content-Type": "text/html; charset=utf-8",
  "Content-Length": "50",
  "Access-Control-Allow-Origin": "*",
  "Connection": "close"
}
2025-09-10 16:17:25,874 - api_automation - INFO - 响应体: {"success": false, "message": "Token验证失败"}
2025-09-10 16:17:25,874 - api_automation - INFO - 响应时间: 0.021455秒
2025-09-10 16:17:25,874 - api_automation - INFO - ==================================================
2025-09-10 16:17:25,874 - api_automation - INFO - 执行状态码断言: 期望 401
2025-09-10 16:17:25,874 - api_automation - ERROR - 请求发送失败，未收到有效响应，无法执行状态码断言
2025-09-10 16:17:25,875 - api_automation - INFO - 执行内容包含断言: 期望包含 '{"success": false, "message": "Token验证失败"}'
2025-09-10 16:17:25,875 - api_automation - INFO - 断言成功: 响应内容包含标准化后的 '{"success":false,"message":"Token验证失败"}'
2025-09-10 16:17:25,876 - api_automation - INFO - 测试用例执行完成: 3 - 地址列表查询
2025-09-10 16:17:25,884 - api_automation - INFO - 开始执行测试用例: 1 - 登录
2025-09-10 16:17:25,885 - api_automation - INFO - 发送 POST 请求到 /api/login
2025-09-10 16:17:25,886 - api_automation - INFO - ==================================================
2025-09-10 16:17:25,886 - api_automation - INFO - 开始发送HTTP请求
2025-09-10 16:17:25,887 - api_automation - INFO - 请求方法: POST
2025-09-10 16:17:25,887 - api_automation - INFO - 请求URL: http://5912.org:6666/api/login
2025-09-10 16:17:25,887 - api_automation - INFO - 请求头: {
  "Content-Type": "application/json"
}
2025-09-10 16:17:25,887 - api_automation - INFO - JSON数据: {
  "username": "main",
  "password": "123456"
}
2025-09-10 16:17:25,887 - api_automation - INFO - 超时时间: 30秒
2025-09-10 16:17:25,887 - api_automation - INFO - ------------------------------
2025-09-10 16:17:25,931 - api_automation - INFO - 收到HTTP响应
2025-09-10 16:17:25,931 - api_automation - INFO - 响应状态码: 200
2025-09-10 16:17:25,932 - api_automation - INFO - 响应头: {
  "Server": "Werkzeug/3.1.3 Python/3.9.2",
  "Date": "Wed, 10 Sep 2025 08:17:26 GMT",
  "Content-Type": "text/html; charset=utf-8",
  "Content-Length": "89",
  "Access-Control-Allow-Origin": "*",
  "Connection": "close"
}
2025-09-10 16:17:25,932 - api_automation - INFO - 响应体: {"success": true, "message": "登录成功", "token": "7bdb5933aeae425aa148e950e6db569a"}
2025-09-10 16:17:25,932 - api_automation - INFO - 响应时间: 0.037699秒
2025-09-10 16:17:25,932 - api_automation - INFO - ==================================================
2025-09-10 16:17:25,932 - api_automation - INFO - 执行状态码断言: 期望 200
2025-09-10 16:17:25,932 - api_automation - INFO - 断言成功: 状态码 200 == 200
2025-09-10 16:17:25,933 - api_automation - INFO - 开始提取变量（简化格式）: 键=token=token
2025-09-10 16:17:25,933 - api_automation - INFO - JSON路径提取成功: token -> 7bdb5933aeae425aa148e950e6db569a
2025-09-10 16:17:25,934 - api_automation - INFO - 设置变量: token = 7bdb5933aeae425aa148e950e6db569a
2025-09-10 16:17:25,936 - api_automation - INFO - 变量提取成功: token = 7bdb5933aeae425aa148e950e6db569a
2025-09-10 16:17:25,940 - api_automation - INFO - 测试用例执行完成: 1 - 登录
2025-09-10 16:17:25,952 - api_automation - INFO - 开始执行测试用例: 2 - 地址列表验证
2025-09-10 16:17:25,953 - api_automation - INFO - 发送 POST 请求到 /api/address/list
2025-09-10 16:17:25,954 - api_automation - INFO - ==================================================
2025-09-10 16:17:25,954 - api_automation - INFO - 开始发送HTTP请求
2025-09-10 16:17:25,954 - api_automation - INFO - 请求方法: POST
2025-09-10 16:17:25,954 - api_automation - INFO - 请求URL: http://5912.org:6666/api/address/list
2025-09-10 16:17:25,955 - api_automation - INFO - 请求头: {
  "Content-Type": "application/json"
}
2025-09-10 16:17:25,955 - api_automation - INFO - JSON数据: {
  "username": "main",
  "token": "7bdb5933aeae425aa148e950e6db569a"
}
2025-09-10 16:17:25,955 - api_automation - INFO - 超时时间: 30秒
2025-09-10 16:17:25,955 - api_automation - INFO - ------------------------------
2025-09-10 16:17:25,982 - api_automation - INFO - 收到HTTP响应
2025-09-10 16:17:25,983 - api_automation - INFO - 响应状态码: 200
2025-09-10 16:17:25,983 - api_automation - INFO - 响应头: {
  "Server": "Werkzeug/3.1.3 Python/3.9.2",
  "Date": "Wed, 10 Sep 2025 08:17:26 GMT",
  "Content-Type": "text/html; charset=utf-8",
  "Content-Length": "305",
  "Access-Control-Allow-Origin": "*",
  "Connection": "close"
}
2025-09-10 16:17:25,983 - api_automation - INFO - 响应体: {"success": true, "message": "查询成功", "data": [{"id": 3, "name": "张三", "phone": "13800138000", "province": "北京市", "city": "北京市", "district": "朝阳区", "detail": "某某街道123号", "is_default": false, "created_at": "2025-08-20 09:06:27", "updated_at": "2025-08-20 09:06:27"}]}
2025-09-10 16:17:25,983 - api_automation - INFO - 响应时间: 0.020656秒
2025-09-10 16:17:25,983 - api_automation - INFO - ==================================================
2025-09-10 16:17:25,983 - api_automation - INFO - 执行状态码断言: 期望 200
2025-09-10 16:17:25,984 - api_automation - INFO - 断言成功: 状态码 200 == 200
2025-09-10 16:17:25,984 - api_automation - INFO - 执行内容包含断言: 期望包含 '{"success": true, "message": "查询成功", "data": [{"id": 3, "name": "张三", "phone": "13800138000", "province": "北京市", "city": "北京市", "district": "朝阳区", "detail": "某某街道123号", "is_default": false, "created_at": "2025-08-20 09:06:27", "updated_at": "2025-08-20 09:06:27"}]}'
2025-09-10 16:17:25,984 - api_automation - INFO - 断言成功: 响应内容包含标准化后的 '{"success":true,"message":"查询成功","data":[{"id":3,"name":"张三","phone":"13800138000","province":"北京市","city":"北京市","district":"朝阳区","detail":"某某街道123号","is_default":false,"created_at":"2025-08-20 09:06:27","updated_at":"2025-08-20 09:06:27"}]}'
2025-09-10 16:17:25,985 - api_automation - INFO - 测试用例执行完成: 2 - 地址列表验证
2025-09-10 16:17:25,994 - api_automation - INFO - 开始执行测试用例: 3 - 地址列表传参缺失验证
2025-09-10 16:17:25,994 - api_automation - INFO - 发送 POST 请求到 /api/address/list
2025-09-10 16:17:25,995 - api_automation - INFO - ==================================================
2025-09-10 16:17:25,996 - api_automation - INFO - 开始发送HTTP请求
2025-09-10 16:17:25,996 - api_automation - INFO - 请求方法: POST
2025-09-10 16:17:25,996 - api_automation - INFO - 请求URL: http://5912.org:6666/api/address/list
2025-09-10 16:17:25,996 - api_automation - INFO - 请求头: {
  "Content-Type": "application/json"
}
2025-09-10 16:17:25,996 - api_automation - INFO - JSON数据: {
  "username": "main"
}
2025-09-10 16:17:25,996 - api_automation - INFO - 超时时间: 30秒
2025-09-10 16:17:25,996 - api_automation - INFO - ------------------------------
2025-09-10 16:17:26,021 - api_automation - INFO - 收到HTTP响应
2025-09-10 16:17:26,021 - api_automation - INFO - 响应状态码: 401
2025-09-10 16:17:26,022 - api_automation - INFO - 响应头: {
  "Server": "Werkzeug/3.1.3 Python/3.9.2",
  "Date": "Wed, 10 Sep 2025 08:17:26 GMT",
  "Content-Type": "text/html; charset=utf-8",
  "Content-Length": "56",
  "Access-Control-Allow-Origin": "*",
  "Connection": "close"
}
2025-09-10 16:17:26,022 - api_automation - INFO - 响应体: {"success": false, "message": "缺少用户名或Token"}
2025-09-10 16:17:26,022 - api_automation - INFO - 响应时间: 0.018444秒
2025-09-10 16:17:26,022 - api_automation - INFO - ==================================================
2025-09-10 16:17:26,022 - api_automation - INFO - 执行状态码断言: 期望 401
2025-09-10 16:17:26,023 - api_automation - ERROR - 请求发送失败，未收到有效响应，无法执行状态码断言
2025-09-10 16:17:26,023 - api_automation - INFO - 执行内容包含断言: 期望包含 '{"success": false, "message": "缺少用户名或Token"}'
2025-09-10 16:17:26,023 - api_automation - INFO - 断言成功: 响应内容包含标准化后的 '{"success":false,"message":"缺少用户名或Token"}'
2025-09-10 16:17:26,024 - api_automation - INFO - 测试用例执行完成: 3 - 地址列表传参缺失验证
2025-09-10 16:17:26,031 - api_automation - INFO - 开始执行测试用例: 4 - 查询地址列表登录失败验证
2025-09-10 16:17:26,031 - api_automation - INFO - 发送 POST 请求到 /api/address/list
2025-09-10 16:17:26,037 - api_automation - INFO - ==================================================
2025-09-10 16:17:26,038 - api_automation - INFO - 开始发送HTTP请求
2025-09-10 16:17:26,039 - api_automation - INFO - 请求方法: POST
2025-09-10 16:17:26,039 - api_automation - INFO - 请求URL: http://5912.org:6666/api/address/list
2025-09-10 16:17:26,040 - api_automation - INFO - 请求头: {
  "Content-Type": "application/json"
}
2025-09-10 16:17:26,040 - api_automation - INFO - JSON数据: {
  "username": "test",
  "token": "7bdb5933aeae425aa148e950e6db569a"
}
2025-09-10 16:17:26,040 - api_automation - INFO - 超时时间: 30秒
2025-09-10 16:17:26,041 - api_automation - INFO - ------------------------------
2025-09-10 16:17:26,066 - api_automation - INFO - 收到HTTP响应
2025-09-10 16:17:26,066 - api_automation - INFO - 响应状态码: 401
2025-09-10 16:17:26,067 - api_automation - INFO - 响应头: {
  "Server": "Werkzeug/3.1.3 Python/3.9.2",
  "Date": "Wed, 10 Sep 2025 08:17:26 GMT",
  "Content-Type": "text/html; charset=utf-8",
  "Content-Length": "50",
  "Access-Control-Allow-Origin": "*",
  "Connection": "close"
}
2025-09-10 16:17:26,068 - api_automation - INFO - 响应体: {"success": false, "message": "Token验证失败"}
2025-09-10 16:17:26,069 - api_automation - INFO - 响应时间: 0.017996秒
2025-09-10 16:17:26,070 - api_automation - INFO - ==================================================
2025-09-10 16:17:26,070 - api_automation - INFO - 执行状态码断言: 期望 401
2025-09-10 16:17:26,071 - api_automation - ERROR - 请求发送失败，未收到有效响应，无法执行状态码断言
2025-09-10 16:17:26,071 - api_automation - INFO - 执行内容包含断言: 期望包含 '{"success": false, "message": "Token验证失败"}'
2025-09-10 16:17:26,072 - api_automation - INFO - 断言成功: 响应内容包含标准化后的 '{"success":false,"message":"Token验证失败"}'
2025-09-10 16:17:26,075 - api_automation - INFO - 测试用例执行完成: 4 - 查询地址列表登录失败验证
2025-09-10 16:17:26,088 - api_automation - INFO - 开始执行测试用例: 1 - 地址列表验证
2025-09-10 16:17:26,088 - api_automation - INFO - 发送 POST 请求到 /api/address/list
2025-09-10 16:17:26,089 - api_automation - INFO - ==================================================
2025-09-10 16:17:26,090 - api_automation - INFO - 开始发送HTTP请求
2025-09-10 16:17:26,090 - api_automation - INFO - 请求方法: POST
2025-09-10 16:17:26,090 - api_automation - INFO - 请求URL: http://5912.org:6666/api/address/list
2025-09-10 16:17:26,090 - api_automation - INFO - 请求头: {
  "Content-Type": "application/json"
}
2025-09-10 16:17:26,090 - api_automation - INFO - JSON数据: {
  "username": "main",
  "token": "7bdb5933aeae425aa148e950e6db569a"
}
2025-09-10 16:17:26,090 - api_automation - INFO - 超时时间: 30秒
2025-09-10 16:17:26,090 - api_automation - INFO - ------------------------------
2025-09-10 16:17:26,118 - api_automation - INFO - 收到HTTP响应
2025-09-10 16:17:26,118 - api_automation - INFO - 响应状态码: 200
2025-09-10 16:17:26,118 - api_automation - INFO - 响应头: {
  "Server": "Werkzeug/3.1.3 Python/3.9.2",
  "Date": "Wed, 10 Sep 2025 08:17:26 GMT",
  "Content-Type": "text/html; charset=utf-8",
  "Content-Length": "305",
  "Access-Control-Allow-Origin": "*",
  "Connection": "close"
}
2025-09-10 16:17:26,119 - api_automation - INFO - 响应体: {"success": true, "message": "查询成功", "data": [{"id": 3, "name": "张三", "phone": "13800138000", "province": "北京市", "city": "北京市", "district": "朝阳区", "detail": "某某街道123号", "is_default": false, "created_at": "2025-08-20 09:06:27", "updated_at": "2025-08-20 09:06:27"}]}
2025-09-10 16:17:26,119 - api_automation - INFO - 响应时间: 0.021075秒
2025-09-10 16:17:26,119 - api_automation - INFO - ==================================================
2025-09-10 16:17:26,119 - api_automation - INFO - 执行状态码断言: 期望 200
2025-09-10 16:17:26,119 - api_automation - INFO - 断言成功: 状态码 200 == 200
2025-09-10 16:17:26,119 - api_automation - INFO - 执行内容包含断言: 期望包含 '{"success": true, "message": "查询成功", "data": [{"id": 3, "name": "张三", "phone": "13800138000", "province": "北京市", "city": "北京市", "district": "朝阳区", "detail": "某某街道123号", "is_default": false, "created_at": "2025-08-20 09:06:27", "updated_at": "2025-08-20 09:06:27"}]}'
2025-09-10 16:17:26,119 - api_automation - INFO - 断言成功: 响应内容包含标准化后的 '{"success":true,"message":"查询成功","data":[{"id":3,"name":"张三","phone":"13800138000","province":"北京市","city":"北京市","district":"朝阳区","detail":"某某街道123号","is_default":false,"created_at":"2025-08-20 09:06:27","updated_at":"2025-08-20 09:06:27"}]}'
2025-09-10 16:17:26,120 - api_automation - INFO - 测试用例执行完成: 1 - 地址列表验证
2025-09-10 16:17:26,127 - api_automation - INFO - 开始执行测试用例: 2 - 地址列表传参缺失验证
2025-09-10 16:17:26,127 - api_automation - INFO - 发送 POST 请求到 /api/address/list
2025-09-10 16:17:26,128 - api_automation - INFO - ==================================================
2025-09-10 16:17:26,128 - api_automation - INFO - 开始发送HTTP请求
2025-09-10 16:17:26,128 - api_automation - INFO - 请求方法: POST
2025-09-10 16:17:26,128 - api_automation - INFO - 请求URL: http://5912.org:6666/api/address/list
2025-09-10 16:17:26,128 - api_automation - INFO - 请求头: {
  "Content-Type": "application/json"
}
2025-09-10 16:17:26,129 - api_automation - INFO - JSON数据: {
  "username": "main"
}
2025-09-10 16:17:26,129 - api_automation - INFO - 超时时间: 30秒
2025-09-10 16:17:26,129 - api_automation - INFO - ------------------------------
2025-09-10 16:17:26,151 - api_automation - INFO - 收到HTTP响应
2025-09-10 16:17:26,151 - api_automation - INFO - 响应状态码: 401
2025-09-10 16:17:26,151 - api_automation - INFO - 响应头: {
  "Server": "Werkzeug/3.1.3 Python/3.9.2",
  "Date": "Wed, 10 Sep 2025 08:17:26 GMT",
  "Content-Type": "text/html; charset=utf-8",
  "Content-Length": "56",
  "Access-Control-Allow-Origin": "*",
  "Connection": "close"
}
2025-09-10 16:17:26,151 - api_automation - INFO - 响应体: {"success": false, "message": "缺少用户名或Token"}
2025-09-10 16:17:26,151 - api_automation - INFO - 响应时间: 0.015064秒
2025-09-10 16:17:26,151 - api_automation - INFO - ==================================================
2025-09-10 16:17:26,151 - api_automation - INFO - 执行状态码断言: 期望 401
2025-09-10 16:17:26,152 - api_automation - ERROR - 请求发送失败，未收到有效响应，无法执行状态码断言
2025-09-10 16:17:26,152 - api_automation - INFO - 执行内容包含断言: 期望包含 '{"success": false, "message": "缺少用户名或Token"}'
2025-09-10 16:17:26,152 - api_automation - INFO - 断言成功: 响应内容包含标准化后的 '{"success":false,"message":"缺少用户名或Token"}'
2025-09-10 16:17:26,153 - api_automation - INFO - 测试用例执行完成: 2 - 地址列表传参缺失验证
2025-09-10 16:17:26,159 - api_automation - INFO - 开始执行测试用例: 3 - 查询地址列表登录失败验证
2025-09-10 16:17:26,159 - api_automation - INFO - 发送 POST 请求到 /api/address/list
2025-09-10 16:17:26,160 - api_automation - INFO - ==================================================
2025-09-10 16:17:26,160 - api_automation - INFO - 开始发送HTTP请求
2025-09-10 16:17:26,160 - api_automation - INFO - 请求方法: POST
2025-09-10 16:17:26,160 - api_automation - INFO - 请求URL: http://5912.org:6666/api/address/list
2025-09-10 16:17:26,160 - api_automation - INFO - 请求头: {
  "Content-Type": "application/json"
}
2025-09-10 16:17:26,160 - api_automation - INFO - JSON数据: {
  "username": "test",
  "token": "7bdb5933aeae425aa148e950e6db569a"
}
2025-09-10 16:17:26,160 - api_automation - INFO - 超时时间: 30秒
2025-09-10 16:17:26,160 - api_automation - INFO - ------------------------------
2025-09-10 16:17:26,187 - api_automation - INFO - 收到HTTP响应
2025-09-10 16:17:26,188 - api_automation - INFO - 响应状态码: 401
2025-09-10 16:17:26,188 - api_automation - INFO - 响应头: {
  "Server": "Werkzeug/3.1.3 Python/3.9.2",
  "Date": "Wed, 10 Sep 2025 08:17:26 GMT",
  "Content-Type": "text/html; charset=utf-8",
  "Content-Length": "50",
  "Access-Control-Allow-Origin": "*",
  "Connection": "close"
}
2025-09-10 16:17:26,188 - api_automation - INFO - 响应体: {"success": false, "message": "Token验证失败"}
2025-09-10 16:17:26,188 - api_automation - INFO - 响应时间: 0.020872秒
2025-09-10 16:17:26,188 - api_automation - INFO - ==================================================
2025-09-10 16:17:26,188 - api_automation - INFO - 执行状态码断言: 期望 200
2025-09-10 16:17:26,188 - api_automation - ERROR - 请求发送失败，未收到有效响应，无法执行状态码断言
2025-09-10 16:17:26,188 - api_automation - INFO - 执行内容包含断言: 期望包含 '{"success": false, "message": "Token验证失败111"}'
2025-09-10 16:17:26,189 - api_automation - ERROR - 内容包含断言失败: 标准化后的期望内容 '{"success":false,"message":"Token验证失败111"}' 未找到. 
2025-09-10 16:17:26,189 - api_automation - ERROR - 内容断言失败: 标准化后的期望内容 '{"success":false,"message":"Token验证失败111"}' 未找到. 
2025-09-10 16:17:26,557 - api_automation - INFO - 测试执行完成
2025-09-10 16:17:26,557 - api_automation - INFO - 测试执行完成，退出码: 1
2025-09-10 16:22:30,002 - api_automation - INFO - 解析命令行参数完成
2025-09-10 16:22:30,003 - api_automation - INFO - 参数详情: serve_report=False, generate_report=False, type=None, file=None
2025-09-10 16:22:30,003 - api_automation - INFO - 开始执行API自动化测试
2025-09-10 16:22:30,003 - api_automation - INFO - 测试路径: None
2025-09-10 16:22:30,003 - api_automation - INFO - 测试类型: None
2025-09-10 16:22:30,004 - api_automation - INFO - 运行所有测试用例
2025-09-10 16:22:30,004 - api_automation - INFO - 执行命令: pytest testcases/ -v --alluredir=./reports/allure_reports --clean-alluredir
2025-09-10 16:22:31,707 - api_automation - INFO - 查找所有测试文件，找到 4 个文件
2025-09-10 16:22:31,707 - api_automation - INFO - 读取测试文件: /Users/sunwenlong/PythonEducationalProject/ifrit/data/excel_data/test_case_addr_01.xls
2025-09-10 16:22:31,708 - api_automation - INFO - 开始读取测试用例文件: /Users/sunwenlong/PythonEducationalProject/ifrit/data/excel_data/test_case_addr_01.xls
2025-09-10 16:22:31,708 - api_automation - INFO - 文件是否存在: True
2025-09-10 16:22:31,708 - api_automation - INFO - 检测到.xls文件，使用xlrd引擎读取
2025-09-10 16:22:31,726 - api_automation - INFO - 成功读取文件，数据行数: 4
2025-09-10 16:22:31,750 - api_automation - INFO - 从 /Users/sunwenlong/PythonEducationalProject/ifrit/data/excel_data/test_case_addr_01.xls 成功读取 4 条测试用例
2025-09-10 16:22:31,750 - api_automation - INFO - 从 /Users/sunwenlong/PythonEducationalProject/ifrit/data/excel_data/test_case_addr_01.xls 加载了 4 条测试用例
2025-09-10 16:22:31,750 - api_automation - INFO - 读取测试文件: /Users/sunwenlong/PythonEducationalProject/ifrit/data/excel_data/test_case_addr_02.xls
2025-09-10 16:22:31,751 - api_automation - INFO - 开始读取测试用例文件: /Users/sunwenlong/PythonEducationalProject/ifrit/data/excel_data/test_case_addr_02.xls
2025-09-10 16:22:31,751 - api_automation - INFO - 文件是否存在: True
2025-09-10 16:22:31,751 - api_automation - INFO - 检测到.xls文件，使用xlrd引擎读取
2025-09-10 16:22:31,757 - api_automation - INFO - 成功读取文件，数据行数: 3
2025-09-10 16:22:31,769 - api_automation - INFO - 从 /Users/sunwenlong/PythonEducationalProject/ifrit/data/excel_data/test_case_addr_02.xls 成功读取 3 条测试用例
2025-09-10 16:22:31,770 - api_automation - INFO - 从 /Users/sunwenlong/PythonEducationalProject/ifrit/data/excel_data/test_case_addr_02.xls 加载了 3 条测试用例
2025-09-10 16:22:31,770 - api_automation - INFO - 读取测试文件: /Users/sunwenlong/PythonEducationalProject/ifrit/data/csv_data/test_case_addr_01.csv
2025-09-10 16:22:31,770 - api_automation - INFO - 开始读取测试用例文件: /Users/sunwenlong/PythonEducationalProject/ifrit/data/csv_data/test_case_addr_01.csv
2025-09-10 16:22:31,771 - api_automation - INFO - 文件是否存在: True
2025-09-10 16:22:31,771 - api_automation - INFO - 检测到.csv文件，使用CSV方式读取
2025-09-10 16:22:31,774 - api_automation - INFO - 成功读取文件，数据行数: 4
2025-09-10 16:22:31,787 - api_automation - INFO - 从 /Users/sunwenlong/PythonEducationalProject/ifrit/data/csv_data/test_case_addr_01.csv 成功读取 4 条测试用例
2025-09-10 16:22:31,787 - api_automation - INFO - 从 /Users/sunwenlong/PythonEducationalProject/ifrit/data/csv_data/test_case_addr_01.csv 加载了 4 条测试用例
2025-09-10 16:22:31,787 - api_automation - INFO - 读取测试文件: /Users/sunwenlong/PythonEducationalProject/ifrit/data/csv_data/test_case_addr_02.csv
2025-09-10 16:22:31,788 - api_automation - INFO - 开始读取测试用例文件: /Users/sunwenlong/PythonEducationalProject/ifrit/data/csv_data/test_case_addr_02.csv
2025-09-10 16:22:31,788 - api_automation - INFO - 文件是否存在: True
2025-09-10 16:22:31,788 - api_automation - INFO - 检测到.csv文件，使用CSV方式读取
2025-09-10 16:22:31,791 - api_automation - INFO - 成功读取文件，数据行数: 3
2025-09-10 16:22:31,804 - api_automation - INFO - 从 /Users/sunwenlong/PythonEducationalProject/ifrit/data/csv_data/test_case_addr_02.csv 成功读取 3 条测试用例
2025-09-10 16:22:31,804 - api_automation - INFO - 从 /Users/sunwenlong/PythonEducationalProject/ifrit/data/csv_data/test_case_addr_02.csv 加载了 3 条测试用例
2025-09-10 16:22:31,804 - api_automation - INFO - 总共加载了 14 条测试用例
2025-09-10 16:22:31,809 - api_automation - INFO - 查找所有测试文件，找到 3 个文件
2025-09-10 16:22:31,813 - api_automation - INFO - 查找所有测试文件，找到 3 个文件
2025-09-10 16:22:31,818 - api_automation - INFO - 开始执行测试用例: 1 - 登录
2025-09-10 16:22:31,819 - api_automation - INFO - 发送 POST 请求到 /api/login
2025-09-10 16:22:31,820 - api_automation - INFO - ==================================================
2025-09-10 16:22:31,820 - api_automation - INFO - 开始发送HTTP请求
2025-09-10 16:22:31,820 - api_automation - INFO - 请求方法: POST
2025-09-10 16:22:31,821 - api_automation - INFO - 请求URL: http://5912.org:6666/api/login
2025-09-10 16:22:31,821 - api_automation - INFO - 请求头: {
  "Content-Type": "application/json"
}
2025-09-10 16:22:31,821 - api_automation - INFO - JSON数据: {
  "username": "main",
  "password": "123456"
}
2025-09-10 16:22:31,821 - api_automation - INFO - 超时时间: 30秒
2025-09-10 16:22:31,821 - api_automation - INFO - ------------------------------
2025-09-10 16:22:31,904 - api_automation - INFO - 收到HTTP响应
2025-09-10 16:22:31,905 - api_automation - INFO - 响应状态码: 200
2025-09-10 16:22:31,905 - api_automation - INFO - 响应头: {
  "Server": "Werkzeug/3.1.3 Python/3.9.2",
  "Date": "Wed, 10 Sep 2025 08:22:32 GMT",
  "Content-Type": "text/html; charset=utf-8",
  "Content-Length": "89",
  "Access-Control-Allow-Origin": "*",
  "Connection": "close"
}
2025-09-10 16:22:31,905 - api_automation - INFO - 响应体: {"success": true, "message": "登录成功", "token": "7bdb5933aeae425aa148e950e6db569a"}
2025-09-10 16:22:31,905 - api_automation - INFO - 响应时间: 0.045118秒
2025-09-10 16:22:31,905 - api_automation - INFO - ==================================================
2025-09-10 16:22:31,905 - api_automation - INFO - 执行状态码断言: 期望 200
2025-09-10 16:22:31,905 - api_automation - INFO - 断言成功: 状态码 200 == 200
2025-09-10 16:22:31,905 - api_automation - INFO - 开始提取变量（简化格式）: 键=token=json.token
2025-09-10 16:22:31,906 - api_automation - INFO - JSON路径提取成功: token -> 7bdb5933aeae425aa148e950e6db569a
2025-09-10 16:22:31,906 - api_automation - INFO - 设置变量: token = 7bdb5933aeae425aa148e950e6db569a
2025-09-10 16:22:31,906 - api_automation - INFO - 变量提取成功: token = 7bdb5933aeae425aa148e950e6db569a
2025-09-10 16:22:31,907 - api_automation - INFO - 测试用例执行完成: 1 - 登录
2025-09-10 16:22:31,914 - api_automation - INFO - 开始执行测试用例: 2 - 地址列表查询
2025-09-10 16:22:31,914 - api_automation - INFO - 发送 POST 请求到 /api/address/list
2025-09-10 16:22:31,916 - api_automation - INFO - ==================================================
2025-09-10 16:22:31,916 - api_automation - INFO - 开始发送HTTP请求
2025-09-10 16:22:31,916 - api_automation - INFO - 请求方法: POST
2025-09-10 16:22:31,916 - api_automation - INFO - 请求URL: http://5912.org:6666/api/address/list
2025-09-10 16:22:31,916 - api_automation - INFO - 请求头: {
  "Content-Type": "application/json"
}
2025-09-10 16:22:31,917 - api_automation - INFO - JSON数据: {
  "username": "main",
  "token": "7bdb5933aeae425aa148e950e6db569a"
}
2025-09-10 16:22:31,917 - api_automation - INFO - 超时时间: 30秒
2025-09-10 16:22:31,917 - api_automation - INFO - ------------------------------
2025-09-10 16:22:31,946 - api_automation - INFO - 收到HTTP响应
2025-09-10 16:22:31,946 - api_automation - INFO - 响应状态码: 200
2025-09-10 16:22:31,947 - api_automation - INFO - 响应头: {
  "Server": "Werkzeug/3.1.3 Python/3.9.2",
  "Date": "Wed, 10 Sep 2025 08:22:32 GMT",
  "Content-Type": "text/html; charset=utf-8",
  "Content-Length": "305",
  "Access-Control-Allow-Origin": "*",
  "Connection": "close"
}
2025-09-10 16:22:31,947 - api_automation - INFO - 响应体: {"success": true, "message": "查询成功", "data": [{"id": 3, "name": "张三", "phone": "13800138000", "province": "北京市", "city": "北京市", "district": "朝阳区", "detail": "某某街道123号", "is_default": false, "created_at": "2025-08-20 09:06:27", "updated_at": "2025-08-20 09:06:27"}]}
2025-09-10 16:22:31,947 - api_automation - INFO - 响应时间: 0.023916秒
2025-09-10 16:22:31,947 - api_automation - INFO - ==================================================
2025-09-10 16:22:31,947 - api_automation - INFO - 执行状态码断言: 期望 200
2025-09-10 16:22:31,947 - api_automation - INFO - 断言成功: 状态码 200 == 200
2025-09-10 16:22:31,947 - api_automation - INFO - 执行内容包含断言: 期望包含 '{"success": true, "message": "查询成功", "data": [{"id": 3, "name": "张三", "phone": "13800138000", "province": "北京市", "city":
"北京市", "district": "朝阳区", "detail": "某某街道123号", "is_default": false, "created_at": "2025-08-20 09:06:27", "updated_at":
"2025-08-20 09:06:27"}]}'
2025-09-10 16:22:31,947 - api_automation - INFO - 断言成功: 响应内容包含标准化后的 '{"success":true,"message":"查询成功","data":[{"id":3,"name":"张三","phone":"13800138000","province":"北京市","city":"北京市","district":"朝阳区","detail":"某某街道123号","is_default":false,"created_at":"2025-08-20 09:06:27","updated_at":"2025-08-20 09:06:27"}]}'
2025-09-10 16:22:31,948 - api_automation - INFO - 测试用例执行完成: 2 - 地址列表查询
2025-09-10 16:22:31,957 - api_automation - INFO - 开始执行测试用例: 3 - 地址列表查询
2025-09-10 16:22:31,958 - api_automation - INFO - 发送 POST 请求到 /api/address/list
2025-09-10 16:22:31,959 - api_automation - INFO - ==================================================
2025-09-10 16:22:31,959 - api_automation - INFO - 开始发送HTTP请求
2025-09-10 16:22:31,959 - api_automation - INFO - 请求方法: POST
2025-09-10 16:22:31,959 - api_automation - INFO - 请求URL: http://5912.org:6666/api/address/list
2025-09-10 16:22:31,959 - api_automation - INFO - 请求头: {
  "Content-Type": "application/json"
}
2025-09-10 16:22:31,959 - api_automation - INFO - JSON数据: {
  "username": "main"
}
2025-09-10 16:22:31,960 - api_automation - INFO - 超时时间: 30秒
2025-09-10 16:22:31,960 - api_automation - INFO - ------------------------------
2025-09-10 16:22:31,986 - api_automation - INFO - 收到HTTP响应
2025-09-10 16:22:31,986 - api_automation - INFO - 响应状态码: 401
2025-09-10 16:22:31,987 - api_automation - INFO - 响应头: {
  "Server": "Werkzeug/3.1.3 Python/3.9.2",
  "Date": "Wed, 10 Sep 2025 08:22:32 GMT",
  "Content-Type": "text/html; charset=utf-8",
  "Content-Length": "56",
  "Access-Control-Allow-Origin": "*",
  "Connection": "close"
}
2025-09-10 16:22:31,987 - api_automation - INFO - 响应体: {"success": false, "message": "缺少用户名或Token"}
2025-09-10 16:22:31,987 - api_automation - INFO - 响应时间: 0.017133秒
2025-09-10 16:22:31,987 - api_automation - INFO - ==================================================
2025-09-10 16:22:31,989 - api_automation - INFO - 执行状态码断言: 期望 401
2025-09-10 16:22:31,990 - api_automation - ERROR - 请求发送失败，未收到有效响应，无法执行状态码断言
2025-09-10 16:22:31,990 - api_automation - INFO - 执行内容包含断言: 期望包含 '{"success": false, "message": "缺少用户名或Token"}'
2025-09-10 16:22:31,990 - api_automation - INFO - 断言成功: 响应内容包含标准化后的 '{"success":false,"message":"缺少用户名或Token"}'
2025-09-10 16:22:31,991 - api_automation - INFO - 测试用例执行完成: 3 - 地址列表查询
2025-09-10 16:22:32,006 - api_automation - INFO - 开始执行测试用例: 4 - 地址列表查询
2025-09-10 16:22:32,007 - api_automation - INFO - 发送 POST 请求到 /api/address/list
2025-09-10 16:22:32,009 - api_automation - INFO - ==================================================
2025-09-10 16:22:32,009 - api_automation - INFO - 开始发送HTTP请求
2025-09-10 16:22:32,009 - api_automation - INFO - 请求方法: POST
2025-09-10 16:22:32,009 - api_automation - INFO - 请求URL: http://5912.org:6666/api/address/list
2025-09-10 16:22:32,009 - api_automation - INFO - 请求头: {
  "Content-Type": "application/json"
}
2025-09-10 16:22:32,010 - api_automation - INFO - JSON数据: {
  "username": "test",
  "token": "7bdb5933aeae425aa148e950e6db569a"
}
2025-09-10 16:22:32,010 - api_automation - INFO - 超时时间: 30秒
2025-09-10 16:22:32,010 - api_automation - INFO - ------------------------------
2025-09-10 16:22:32,049 - api_automation - INFO - 收到HTTP响应
2025-09-10 16:22:32,050 - api_automation - INFO - 响应状态码: 401
2025-09-10 16:22:32,050 - api_automation - INFO - 响应头: {
  "Server": "Werkzeug/3.1.3 Python/3.9.2",
  "Date": "Wed, 10 Sep 2025 08:22:32 GMT",
  "Content-Type": "text/html; charset=utf-8",
  "Content-Length": "50",
  "Access-Control-Allow-Origin": "*",
  "Connection": "close"
}
2025-09-10 16:22:32,051 - api_automation - INFO - 响应体: {"success": false, "message": "Token验证失败"}
2025-09-10 16:22:32,051 - api_automation - INFO - 响应时间: 0.030086秒
2025-09-10 16:22:32,051 - api_automation - INFO - ==================================================
2025-09-10 16:22:32,052 - api_automation - INFO - 执行状态码断言: 期望 401
2025-09-10 16:22:32,052 - api_automation - ERROR - 请求发送失败，未收到有效响应，无法执行状态码断言
2025-09-10 16:22:32,052 - api_automation - INFO - 执行内容包含断言: 期望包含 '{"success": false, "message": "Token验证失败"}'
2025-09-10 16:22:32,053 - api_automation - INFO - 断言成功: 响应内容包含标准化后的 '{"success":false,"message":"Token验证失败"}'
2025-09-10 16:22:32,055 - api_automation - INFO - 测试用例执行完成: 4 - 地址列表查询
2025-09-10 16:22:32,069 - api_automation - INFO - 开始执行测试用例: 1 - 地址列表查询
2025-09-10 16:22:32,069 - api_automation - INFO - 发送 POST 请求到 /api/address/list
2025-09-10 16:22:32,071 - api_automation - INFO - ==================================================
2025-09-10 16:22:32,072 - api_automation - INFO - 开始发送HTTP请求
2025-09-10 16:22:32,072 - api_automation - INFO - 请求方法: POST
2025-09-10 16:22:32,072 - api_automation - INFO - 请求URL: http://5912.org:6666/api/address/list
2025-09-10 16:22:32,072 - api_automation - INFO - 请求头: {
  "Content-Type": "application/json"
}
2025-09-10 16:22:32,072 - api_automation - INFO - JSON数据: {
  "username": "main",
  "token": "7bdb5933aeae425aa148e950e6db569a"
}
2025-09-10 16:22:32,073 - api_automation - INFO - 超时时间: 30秒
2025-09-10 16:22:32,073 - api_automation - INFO - ------------------------------
2025-09-10 16:22:32,101 - api_automation - INFO - 收到HTTP响应
2025-09-10 16:22:32,101 - api_automation - INFO - 响应状态码: 200
2025-09-10 16:22:32,102 - api_automation - INFO - 响应头: {
  "Server": "Werkzeug/3.1.3 Python/3.9.2",
  "Date": "Wed, 10 Sep 2025 08:22:32 GMT",
  "Content-Type": "text/html; charset=utf-8",
  "Content-Length": "305",
  "Access-Control-Allow-Origin": "*",
  "Connection": "close"
}
2025-09-10 16:22:32,102 - api_automation - INFO - 响应体: {"success": true, "message": "查询成功", "data": [{"id": 3, "name": "张三", "phone": "13800138000", "province": "北京市", "city": "北京市", "district": "朝阳区", "detail": "某某街道123号", "is_default": false, "created_at": "2025-08-20 09:06:27", "updated_at": "2025-08-20 09:06:27"}]}
2025-09-10 16:22:32,102 - api_automation - INFO - 响应时间: 0.020662秒
2025-09-10 16:22:32,102 - api_automation - INFO - ==================================================
2025-09-10 16:22:32,102 - api_automation - INFO - 执行状态码断言: 期望 200
2025-09-10 16:22:32,102 - api_automation - INFO - 断言成功: 状态码 200 == 200
2025-09-10 16:22:32,103 - api_automation - INFO - 执行内容包含断言: 期望包含 '{"success": true, "message": "查询成功", "data": [{"id": 3, "name": "张三", "phone": "13800138000", "province": "北京市", "city":
"北京市", "district": "朝阳区", "detail": "某某街道123号", "is_default": false, "created_at": "2025-08-20 09:06:27", "updated_at":
"2025-08-20 09:06:27"}]}'
2025-09-10 16:22:32,103 - api_automation - INFO - 断言成功: 响应内容包含标准化后的 '{"success":true,"message":"查询成功","data":[{"id":3,"name":"张三","phone":"13800138000","province":"北京市","city":"北京市","district":"朝阳区","detail":"某某街道123号","is_default":false,"created_at":"2025-08-20 09:06:27","updated_at":"2025-08-20 09:06:27"}]}'
2025-09-10 16:22:32,104 - api_automation - INFO - 测试用例执行完成: 1 - 地址列表查询
2025-09-10 16:22:32,114 - api_automation - INFO - 开始执行测试用例: 2 - 地址列表查询
2025-09-10 16:22:32,114 - api_automation - INFO - 发送 POST 请求到 /api/address/list
2025-09-10 16:22:32,116 - api_automation - INFO - ==================================================
2025-09-10 16:22:32,116 - api_automation - INFO - 开始发送HTTP请求
2025-09-10 16:22:32,116 - api_automation - INFO - 请求方法: POST
2025-09-10 16:22:32,117 - api_automation - INFO - 请求URL: http://5912.org:6666/api/address/list
2025-09-10 16:22:32,117 - api_automation - INFO - 请求头: {
  "Content-Type": "application/json"
}
2025-09-10 16:22:32,117 - api_automation - INFO - JSON数据: {
  "username": "main"
}
2025-09-10 16:22:32,117 - api_automation - INFO - 超时时间: 30秒
2025-09-10 16:22:32,117 - api_automation - INFO - ------------------------------
2025-09-10 16:22:32,141 - api_automation - INFO - 收到HTTP响应
2025-09-10 16:22:32,142 - api_automation - INFO - 响应状态码: 401
2025-09-10 16:22:32,146 - api_automation - INFO - 响应头: {
  "Server": "Werkzeug/3.1.3 Python/3.9.2",
  "Date": "Wed, 10 Sep 2025 08:22:32 GMT",
  "Content-Type": "text/html; charset=utf-8",
  "Content-Length": "56",
  "Access-Control-Allow-Origin": "*",
  "Connection": "close"
}
2025-09-10 16:22:32,146 - api_automation - INFO - 响应体: {"success": false, "message": "缺少用户名或Token"}
2025-09-10 16:22:32,147 - api_automation - INFO - 响应时间: 0.015577秒
2025-09-10 16:22:32,149 - api_automation - INFO - ==================================================
2025-09-10 16:22:32,149 - api_automation - INFO - 执行状态码断言: 期望 401
2025-09-10 16:22:32,149 - api_automation - ERROR - 请求发送失败，未收到有效响应，无法执行状态码断言
2025-09-10 16:22:32,149 - api_automation - INFO - 执行内容包含断言: 期望包含 '{"success": false, "message": "缺少用户名或Token"}'
2025-09-10 16:22:32,150 - api_automation - INFO - 断言成功: 响应内容包含标准化后的 '{"success":false,"message":"缺少用户名或Token"}'
2025-09-10 16:22:32,155 - api_automation - INFO - 测试用例执行完成: 2 - 地址列表查询
2025-09-10 16:22:32,168 - api_automation - INFO - 开始执行测试用例: 3 - 地址列表查询
2025-09-10 16:22:32,168 - api_automation - INFO - 发送 POST 请求到 /api/address/list
2025-09-10 16:22:32,171 - api_automation - INFO - ==================================================
2025-09-10 16:22:32,172 - api_automation - INFO - 开始发送HTTP请求
2025-09-10 16:22:32,172 - api_automation - INFO - 请求方法: POST
2025-09-10 16:22:32,172 - api_automation - INFO - 请求URL: http://5912.org:6666/api/address/list
2025-09-10 16:22:32,172 - api_automation - INFO - 请求头: {
  "Content-Type": "application/json"
}
2025-09-10 16:22:32,173 - api_automation - INFO - JSON数据: {
  "username": "test",
  "token": "7bdb5933aeae425aa148e950e6db569a"
}
2025-09-10 16:22:32,173 - api_automation - INFO - 超时时间: 30秒
2025-09-10 16:22:32,173 - api_automation - INFO - ------------------------------
2025-09-10 16:22:32,202 - api_automation - INFO - 收到HTTP响应
2025-09-10 16:22:32,202 - api_automation - INFO - 响应状态码: 401
2025-09-10 16:22:32,202 - api_automation - INFO - 响应头: {
  "Server": "Werkzeug/3.1.3 Python/3.9.2",
  "Date": "Wed, 10 Sep 2025 08:22:32 GMT",
  "Content-Type": "text/html; charset=utf-8",
  "Content-Length": "50",
  "Access-Control-Allow-Origin": "*",
  "Connection": "close"
}
2025-09-10 16:22:32,203 - api_automation - INFO - 响应体: {"success": false, "message": "Token验证失败"}
2025-09-10 16:22:32,203 - api_automation - INFO - 响应时间: 0.018005秒
2025-09-10 16:22:32,204 - api_automation - INFO - ==================================================
2025-09-10 16:22:32,204 - api_automation - INFO - 执行状态码断言: 期望 401
2025-09-10 16:22:32,204 - api_automation - ERROR - 请求发送失败，未收到有效响应，无法执行状态码断言
2025-09-10 16:22:32,204 - api_automation - INFO - 执行内容包含断言: 期望包含 '{"success": false, "message": "Token验证失败"}'
2025-09-10 16:22:32,205 - api_automation - INFO - 断言成功: 响应内容包含标准化后的 '{"success":false,"message":"Token验证失败"}'
2025-09-10 16:22:32,206 - api_automation - INFO - 测试用例执行完成: 3 - 地址列表查询
2025-09-10 16:22:32,216 - api_automation - INFO - 开始执行测试用例: 1 - 登录
2025-09-10 16:22:32,217 - api_automation - INFO - 发送 POST 请求到 /api/login
2025-09-10 16:22:32,219 - api_automation - INFO - ==================================================
2025-09-10 16:22:32,219 - api_automation - INFO - 开始发送HTTP请求
2025-09-10 16:22:32,219 - api_automation - INFO - 请求方法: POST
2025-09-10 16:22:32,219 - api_automation - INFO - 请求URL: http://5912.org:6666/api/login
2025-09-10 16:22:32,220 - api_automation - INFO - 请求头: {
  "Content-Type": "application/json"
}
2025-09-10 16:22:32,220 - api_automation - INFO - JSON数据: {
  "username": "main",
  "password": "123456"
}
2025-09-10 16:22:32,220 - api_automation - INFO - 超时时间: 30秒
2025-09-10 16:22:32,220 - api_automation - INFO - ------------------------------
2025-09-10 16:22:32,259 - api_automation - INFO - 收到HTTP响应
2025-09-10 16:22:32,260 - api_automation - INFO - 响应状态码: 200
2025-09-10 16:22:32,260 - api_automation - INFO - 响应头: {
  "Server": "Werkzeug/3.1.3 Python/3.9.2",
  "Date": "Wed, 10 Sep 2025 08:22:32 GMT",
  "Content-Type": "text/html; charset=utf-8",
  "Content-Length": "89",
  "Access-Control-Allow-Origin": "*",
  "Connection": "close"
}
2025-09-10 16:22:32,260 - api_automation - INFO - 响应体: {"success": true, "message": "登录成功", "token": "7bdb5933aeae425aa148e950e6db569a"}
2025-09-10 16:22:32,260 - api_automation - INFO - 响应时间: 0.031852秒
2025-09-10 16:22:32,260 - api_automation - INFO - ==================================================
2025-09-10 16:22:32,260 - api_automation - INFO - 执行状态码断言: 期望 200
2025-09-10 16:22:32,260 - api_automation - INFO - 断言成功: 状态码 200 == 200
2025-09-10 16:22:32,260 - api_automation - INFO - 开始提取变量（简化格式）: 键=token=token
2025-09-10 16:22:32,260 - api_automation - INFO - JSON路径提取成功: token -> 7bdb5933aeae425aa148e950e6db569a
2025-09-10 16:22:32,261 - api_automation - INFO - 设置变量: token = 7bdb5933aeae425aa148e950e6db569a
2025-09-10 16:22:32,261 - api_automation - INFO - 变量提取成功: token = 7bdb5933aeae425aa148e950e6db569a
2025-09-10 16:22:32,262 - api_automation - INFO - 测试用例执行完成: 1 - 登录
2025-09-10 16:22:32,270 - api_automation - INFO - 开始执行测试用例: 2 - 地址列表验证
2025-09-10 16:22:32,271 - api_automation - INFO - 发送 POST 请求到 /api/address/list
2025-09-10 16:22:32,272 - api_automation - INFO - ==================================================
2025-09-10 16:22:32,272 - api_automation - INFO - 开始发送HTTP请求
2025-09-10 16:22:32,272 - api_automation - INFO - 请求方法: POST
2025-09-10 16:22:32,272 - api_automation - INFO - 请求URL: http://5912.org:6666/api/address/list
2025-09-10 16:22:32,272 - api_automation - INFO - 请求头: {
  "Content-Type": "application/json"
}
2025-09-10 16:22:32,272 - api_automation - INFO - JSON数据: {
  "username": "main",
  "token": "7bdb5933aeae425aa148e950e6db569a"
}
2025-09-10 16:22:32,272 - api_automation - INFO - 超时时间: 30秒
2025-09-10 16:22:32,272 - api_automation - INFO - ------------------------------
2025-09-10 16:22:32,300 - api_automation - INFO - 收到HTTP响应
2025-09-10 16:22:32,300 - api_automation - INFO - 响应状态码: 200
2025-09-10 16:22:32,300 - api_automation - INFO - 响应头: {
  "Server": "Werkzeug/3.1.3 Python/3.9.2",
  "Date": "Wed, 10 Sep 2025 08:22:32 GMT",
  "Content-Type": "text/html; charset=utf-8",
  "Content-Length": "305",
  "Access-Control-Allow-Origin": "*",
  "Connection": "close"
}
2025-09-10 16:22:32,300 - api_automation - INFO - 响应体: {"success": true, "message": "查询成功", "data": [{"id": 3, "name": "张三", "phone": "13800138000", "province": "北京市", "city": "北京市", "district": "朝阳区", "detail": "某某街道123号", "is_default": false, "created_at": "2025-08-20 09:06:27", "updated_at": "2025-08-20 09:06:27"}]}
2025-09-10 16:22:32,300 - api_automation - INFO - 响应时间: 0.021599秒
2025-09-10 16:22:32,301 - api_automation - INFO - ==================================================
2025-09-10 16:22:32,301 - api_automation - INFO - 执行状态码断言: 期望 200
2025-09-10 16:22:32,301 - api_automation - INFO - 断言成功: 状态码 200 == 200
2025-09-10 16:22:32,301 - api_automation - INFO - 执行内容包含断言: 期望包含 '{"success": true, "message": "查询成功", "data": [{"id": 3, "name": "张三", "phone": "13800138000", "province": "北京市", "city": "北京市", "district": "朝阳区", "detail": "某某街道123号", "is_default": false, "created_at": "2025-08-20 09:06:27", "updated_at": "2025-08-20 09:06:27"}]}'
2025-09-10 16:22:32,302 - api_automation - INFO - 断言成功: 响应内容包含标准化后的 '{"success":true,"message":"查询成功","data":[{"id":3,"name":"张三","phone":"13800138000","province":"北京市","city":"北京市","district":"朝阳区","detail":"某某街道123号","is_default":false,"created_at":"2025-08-20 09:06:27","updated_at":"2025-08-20 09:06:27"}]}'
2025-09-10 16:22:32,303 - api_automation - INFO - 测试用例执行完成: 2 - 地址列表验证
2025-09-10 16:22:32,310 - api_automation - INFO - 开始执行测试用例: 3 - 地址列表传参缺失验证
2025-09-10 16:22:32,310 - api_automation - INFO - 发送 POST 请求到 /api/address/list
2025-09-10 16:22:32,311 - api_automation - INFO - ==================================================
2025-09-10 16:22:32,311 - api_automation - INFO - 开始发送HTTP请求
2025-09-10 16:22:32,311 - api_automation - INFO - 请求方法: POST
2025-09-10 16:22:32,311 - api_automation - INFO - 请求URL: http://5912.org:6666/api/address/list
2025-09-10 16:22:32,311 - api_automation - INFO - 请求头: {
  "Content-Type": "application/json"
}
2025-09-10 16:22:32,312 - api_automation - INFO - JSON数据: {
  "username": "main"
}
2025-09-10 16:22:32,312 - api_automation - INFO - 超时时间: 30秒
2025-09-10 16:22:32,312 - api_automation - INFO - ------------------------------
2025-09-10 16:22:32,337 - api_automation - INFO - 收到HTTP响应
2025-09-10 16:22:32,337 - api_automation - INFO - 响应状态码: 401
2025-09-10 16:22:32,337 - api_automation - INFO - 响应头: {
  "Server": "Werkzeug/3.1.3 Python/3.9.2",
  "Date": "Wed, 10 Sep 2025 08:22:32 GMT",
  "Content-Type": "text/html; charset=utf-8",
  "Content-Length": "56",
  "Access-Control-Allow-Origin": "*",
  "Connection": "close"
}
2025-09-10 16:22:32,337 - api_automation - INFO - 响应体: {"success": false, "message": "缺少用户名或Token"}
2025-09-10 16:22:32,338 - api_automation - INFO - 响应时间: 0.019064秒
2025-09-10 16:22:32,338 - api_automation - INFO - ==================================================
2025-09-10 16:22:32,338 - api_automation - INFO - 执行状态码断言: 期望 401
2025-09-10 16:22:32,338 - api_automation - ERROR - 请求发送失败，未收到有效响应，无法执行状态码断言
2025-09-10 16:22:32,338 - api_automation - INFO - 执行内容包含断言: 期望包含 '{"success": false, "message": "缺少用户名或Token"}'
2025-09-10 16:22:32,338 - api_automation - INFO - 断言成功: 响应内容包含标准化后的 '{"success":false,"message":"缺少用户名或Token"}'
2025-09-10 16:22:32,339 - api_automation - INFO - 测试用例执行完成: 3 - 地址列表传参缺失验证
2025-09-10 16:22:32,350 - api_automation - INFO - 开始执行测试用例: 4 - 查询地址列表登录失败验证
2025-09-10 16:22:32,350 - api_automation - INFO - 发送 POST 请求到 /api/address/list
2025-09-10 16:22:32,352 - api_automation - INFO - ==================================================
2025-09-10 16:22:32,352 - api_automation - INFO - 开始发送HTTP请求
2025-09-10 16:22:32,352 - api_automation - INFO - 请求方法: POST
2025-09-10 16:22:32,352 - api_automation - INFO - 请求URL: http://5912.org:6666/api/address/list
2025-09-10 16:22:32,352 - api_automation - INFO - 请求头: {
  "Content-Type": "application/json"
}
2025-09-10 16:22:32,352 - api_automation - INFO - JSON数据: {
  "username": "test",
  "token": "7bdb5933aeae425aa148e950e6db569a"
}
2025-09-10 16:22:32,352 - api_automation - INFO - 超时时间: 30秒
2025-09-10 16:22:32,352 - api_automation - INFO - ------------------------------
2025-09-10 16:22:32,376 - api_automation - INFO - 收到HTTP响应
2025-09-10 16:22:32,376 - api_automation - INFO - 响应状态码: 401
2025-09-10 16:22:32,376 - api_automation - INFO - 响应头: {
  "Server": "Werkzeug/3.1.3 Python/3.9.2",
  "Date": "Wed, 10 Sep 2025 08:22:32 GMT",
  "Content-Type": "text/html; charset=utf-8",
  "Content-Length": "50",
  "Access-Control-Allow-Origin": "*",
  "Connection": "close"
}
2025-09-10 16:22:32,376 - api_automation - INFO - 响应体: {"success": false, "message": "Token验证失败"}
2025-09-10 16:22:32,376 - api_automation - INFO - 响应时间: 0.018512秒
2025-09-10 16:22:32,376 - api_automation - INFO - ==================================================
2025-09-10 16:22:32,376 - api_automation - INFO - 执行状态码断言: 期望 401
2025-09-10 16:22:32,377 - api_automation - ERROR - 请求发送失败，未收到有效响应，无法执行状态码断言
2025-09-10 16:22:32,377 - api_automation - INFO - 执行内容包含断言: 期望包含 '{"success": false, "message": "Token验证失败"}'
2025-09-10 16:22:32,377 - api_automation - INFO - 断言成功: 响应内容包含标准化后的 '{"success":false,"message":"Token验证失败"}'
2025-09-10 16:22:32,377 - api_automation - INFO - 测试用例执行完成: 4 - 查询地址列表登录失败验证
2025-09-10 16:22:32,384 - api_automation - INFO - 开始执行测试用例: 1 - 地址列表验证
2025-09-10 16:22:32,384 - api_automation - INFO - 发送 POST 请求到 /api/address/list
2025-09-10 16:22:32,386 - api_automation - INFO - ==================================================
2025-09-10 16:22:32,386 - api_automation - INFO - 开始发送HTTP请求
2025-09-10 16:22:32,386 - api_automation - INFO - 请求方法: POST
2025-09-10 16:22:32,386 - api_automation - INFO - 请求URL: http://5912.org:6666/api/address/list
2025-09-10 16:22:32,386 - api_automation - INFO - 请求头: {
  "Content-Type": "application/json"
}
2025-09-10 16:22:32,387 - api_automation - INFO - JSON数据: {
  "username": "main",
  "token": "7bdb5933aeae425aa148e950e6db569a"
}
2025-09-10 16:22:32,387 - api_automation - INFO - 超时时间: 30秒
2025-09-10 16:22:32,387 - api_automation - INFO - ------------------------------
2025-09-10 16:22:32,417 - api_automation - INFO - 收到HTTP响应
2025-09-10 16:22:32,417 - api_automation - INFO - 响应状态码: 200
2025-09-10 16:22:32,417 - api_automation - INFO - 响应头: {
  "Server": "Werkzeug/3.1.3 Python/3.9.2",
  "Date": "Wed, 10 Sep 2025 08:22:32 GMT",
  "Content-Type": "text/html; charset=utf-8",
  "Content-Length": "305",
  "Access-Control-Allow-Origin": "*",
  "Connection": "close"
}
2025-09-10 16:22:32,417 - api_automation - INFO - 响应体: {"success": true, "message": "查询成功", "data": [{"id": 3, "name": "张三", "phone": "13800138000", "province": "北京市", "city": "北京市", "district": "朝阳区", "detail": "某某街道123号", "is_default": false, "created_at": "2025-08-20 09:06:27", "updated_at": "2025-08-20 09:06:27"}]}
2025-09-10 16:22:32,417 - api_automation - INFO - 响应时间: 0.023871秒
2025-09-10 16:22:32,418 - api_automation - INFO - ==================================================
2025-09-10 16:22:32,418 - api_automation - INFO - 执行状态码断言: 期望 200
2025-09-10 16:22:32,418 - api_automation - INFO - 断言成功: 状态码 200 == 200
2025-09-10 16:22:32,418 - api_automation - INFO - 执行内容包含断言: 期望包含 '{"success": true, "message": "查询成功", "data": [{"id": 3, "name": "张三", "phone": "13800138000", "province": "北京市", "city": "北京市", "district": "朝阳区", "detail": "某某街道123号", "is_default": false, "created_at": "2025-08-20 09:06:27", "updated_at": "2025-08-20 09:06:27"}]}'
2025-09-10 16:22:32,418 - api_automation - INFO - 断言成功: 响应内容包含标准化后的 '{"success":true,"message":"查询成功","data":[{"id":3,"name":"张三","phone":"13800138000","province":"北京市","city":"北京市","district":"朝阳区","detail":"某某街道123号","is_default":false,"created_at":"2025-08-20 09:06:27","updated_at":"2025-08-20 09:06:27"}]}'
2025-09-10 16:22:32,419 - api_automation - INFO - 测试用例执行完成: 1 - 地址列表验证
2025-09-10 16:22:32,425 - api_automation - INFO - 开始执行测试用例: 2 - 地址列表传参缺失验证
2025-09-10 16:22:32,425 - api_automation - INFO - 发送 POST 请求到 /api/address/list
2025-09-10 16:22:32,426 - api_automation - INFO - ==================================================
2025-09-10 16:22:32,426 - api_automation - INFO - 开始发送HTTP请求
2025-09-10 16:22:32,427 - api_automation - INFO - 请求方法: POST
2025-09-10 16:22:32,427 - api_automation - INFO - 请求URL: http://5912.org:6666/api/address/list
2025-09-10 16:22:32,427 - api_automation - INFO - 请求头: {
  "Content-Type": "application/json"
}
2025-09-10 16:22:32,427 - api_automation - INFO - JSON数据: {
  "username": "main"
}
2025-09-10 16:22:32,427 - api_automation - INFO - 超时时间: 30秒
2025-09-10 16:22:32,427 - api_automation - INFO - ------------------------------
2025-09-10 16:22:32,449 - api_automation - INFO - 收到HTTP响应
2025-09-10 16:22:32,449 - api_automation - INFO - 响应状态码: 401
2025-09-10 16:22:32,449 - api_automation - INFO - 响应头: {
  "Server": "Werkzeug/3.1.3 Python/3.9.2",
  "Date": "Wed, 10 Sep 2025 08:22:32 GMT",
  "Content-Type": "text/html; charset=utf-8",
  "Content-Length": "56",
  "Access-Control-Allow-Origin": "*",
  "Connection": "close"
}
2025-09-10 16:22:32,450 - api_automation - INFO - 响应体: {"success": false, "message": "缺少用户名或Token"}
2025-09-10 16:22:32,450 - api_automation - INFO - 响应时间: 0.015408秒
2025-09-10 16:22:32,450 - api_automation - INFO - ==================================================
2025-09-10 16:22:32,450 - api_automation - INFO - 执行状态码断言: 期望 401
2025-09-10 16:22:32,450 - api_automation - ERROR - 请求发送失败，未收到有效响应，无法执行状态码断言
2025-09-10 16:22:32,450 - api_automation - INFO - 执行内容包含断言: 期望包含 '{"success": false, "message": "缺少用户名或Token"}'
2025-09-10 16:22:32,450 - api_automation - INFO - 断言成功: 响应内容包含标准化后的 '{"success":false,"message":"缺少用户名或Token"}'
2025-09-10 16:22:32,451 - api_automation - INFO - 测试用例执行完成: 2 - 地址列表传参缺失验证
2025-09-10 16:22:32,457 - api_automation - INFO - 开始执行测试用例: 3 - 查询地址列表登录失败验证
2025-09-10 16:22:32,458 - api_automation - INFO - 发送 POST 请求到 /api/address/list
2025-09-10 16:22:32,459 - api_automation - INFO - ==================================================
2025-09-10 16:22:32,459 - api_automation - INFO - 开始发送HTTP请求
2025-09-10 16:22:32,459 - api_automation - INFO - 请求方法: POST
2025-09-10 16:22:32,459 - api_automation - INFO - 请求URL: http://5912.org:6666/api/address/list
2025-09-10 16:22:32,459 - api_automation - INFO - 请求头: {
  "Content-Type": "application/json"
}
2025-09-10 16:22:32,459 - api_automation - INFO - JSON数据: {
  "username": "test",
  "token": "7bdb5933aeae425aa148e950e6db569a"
}
2025-09-10 16:22:32,459 - api_automation - INFO - 超时时间: 30秒
2025-09-10 16:22:32,459 - api_automation - INFO - ------------------------------
2025-09-10 16:22:32,485 - api_automation - INFO - 收到HTTP响应
2025-09-10 16:22:32,485 - api_automation - INFO - 响应状态码: 401
2025-09-10 16:22:32,486 - api_automation - INFO - 响应头: {
  "Server": "Werkzeug/3.1.3 Python/3.9.2",
  "Date": "Wed, 10 Sep 2025 08:22:32 GMT",
  "Content-Type": "text/html; charset=utf-8",
  "Content-Length": "50",
  "Access-Control-Allow-Origin": "*",
  "Connection": "close"
}
2025-09-10 16:22:32,486 - api_automation - INFO - 响应体: {"success": false, "message": "Token验证失败"}
2025-09-10 16:22:32,486 - api_automation - INFO - 响应时间: 0.018878秒
2025-09-10 16:22:32,486 - api_automation - INFO - ==================================================
2025-09-10 16:22:32,486 - api_automation - INFO - 执行状态码断言: 期望 200
2025-09-10 16:22:32,486 - api_automation - ERROR - 请求发送失败，未收到有效响应，无法执行状态码断言
2025-09-10 16:22:32,487 - api_automation - INFO - 执行内容包含断言: 期望包含 '{"success": false, "message": "Token验证失败111"}'
2025-09-10 16:22:32,487 - api_automation - ERROR - 内容包含断言失败: 标准化后的期望内容 '{"success":false,"message":"Token验证失败111"}' 未找到. 
2025-09-10 16:22:32,487 - api_automation - ERROR - 内容断言失败: 标准化后的期望内容 '{"success":false,"message":"Token验证失败111"}' 未找到. 
2025-09-10 16:22:32,872 - api_automation - INFO - 测试执行完成
2025-09-10 16:22:32,891 - api_automation - INFO - 测试执行完成，退出码: 1
2025-09-10 16:23:27,805 - api_automation - INFO - 解析命令行参数完成
2025-09-10 16:23:27,805 - api_automation - INFO - 参数详情: serve_report=False, generate_report=False, type=None, file=None
2025-09-10 16:23:27,805 - api_automation - INFO - 开始执行API自动化测试
2025-09-10 16:23:27,806 - api_automation - INFO - 测试路径: None
2025-09-10 16:23:27,806 - api_automation - INFO - 测试类型: None
2025-09-10 16:23:27,806 - api_automation - INFO - 运行所有测试用例
2025-09-10 16:23:27,806 - api_automation - INFO - 执行命令: pytest testcases/ -v --alluredir=./reports/allure_reports --clean-alluredir
2025-09-10 16:23:29,505 - api_automation - INFO - 查找所有测试文件，找到 4 个文件
2025-09-10 16:23:29,506 - api_automation - INFO - 读取测试文件: /Users/sunwenlong/PythonEducationalProject/ifrit/data/excel_data/test_case_addr_01.xls
2025-09-10 16:23:29,507 - api_automation - INFO - 开始读取测试用例文件: /Users/sunwenlong/PythonEducationalProject/ifrit/data/excel_data/test_case_addr_01.xls
2025-09-10 16:23:29,507 - api_automation - INFO - 文件是否存在: True
2025-09-10 16:23:29,507 - api_automation - INFO - 检测到.xls文件，使用xlrd引擎读取
2025-09-10 16:23:29,541 - api_automation - INFO - 成功读取文件，数据行数: 4
2025-09-10 16:23:29,579 - api_automation - INFO - 从 /Users/sunwenlong/PythonEducationalProject/ifrit/data/excel_data/test_case_addr_01.xls 成功读取 4 条测试用例
2025-09-10 16:23:29,579 - api_automation - INFO - 从 /Users/sunwenlong/PythonEducationalProject/ifrit/data/excel_data/test_case_addr_01.xls 加载了 4 条测试用例
2025-09-10 16:23:29,580 - api_automation - INFO - 读取测试文件: /Users/sunwenlong/PythonEducationalProject/ifrit/data/excel_data/test_case_addr_02.xls
2025-09-10 16:23:29,581 - api_automation - INFO - 开始读取测试用例文件: /Users/sunwenlong/PythonEducationalProject/ifrit/data/excel_data/test_case_addr_02.xls
2025-09-10 16:23:29,581 - api_automation - INFO - 文件是否存在: True
2025-09-10 16:23:29,581 - api_automation - INFO - 检测到.xls文件，使用xlrd引擎读取
2025-09-10 16:23:29,588 - api_automation - INFO - 成功读取文件，数据行数: 3
2025-09-10 16:23:29,605 - api_automation - INFO - 从 /Users/sunwenlong/PythonEducationalProject/ifrit/data/excel_data/test_case_addr_02.xls 成功读取 3 条测试用例
2025-09-10 16:23:29,605 - api_automation - INFO - 从 /Users/sunwenlong/PythonEducationalProject/ifrit/data/excel_data/test_case_addr_02.xls 加载了 3 条测试用例
2025-09-10 16:23:29,605 - api_automation - INFO - 读取测试文件: /Users/sunwenlong/PythonEducationalProject/ifrit/data/csv_data/test_case_addr_01.csv
2025-09-10 16:23:29,606 - api_automation - INFO - 开始读取测试用例文件: /Users/sunwenlong/PythonEducationalProject/ifrit/data/csv_data/test_case_addr_01.csv
2025-09-10 16:23:29,606 - api_automation - INFO - 文件是否存在: True
2025-09-10 16:23:29,606 - api_automation - INFO - 检测到.csv文件，使用CSV方式读取
2025-09-10 16:23:29,612 - api_automation - INFO - 成功读取文件，数据行数: 4
2025-09-10 16:23:29,635 - api_automation - INFO - 从 /Users/sunwenlong/PythonEducationalProject/ifrit/data/csv_data/test_case_addr_01.csv 成功读取 4 条测试用例
2025-09-10 16:23:29,636 - api_automation - INFO - 从 /Users/sunwenlong/PythonEducationalProject/ifrit/data/csv_data/test_case_addr_01.csv 加载了 4 条测试用例
2025-09-10 16:23:29,636 - api_automation - INFO - 读取测试文件: /Users/sunwenlong/PythonEducationalProject/ifrit/data/csv_data/test_case_addr_02.csv
2025-09-10 16:23:29,637 - api_automation - INFO - 开始读取测试用例文件: /Users/sunwenlong/PythonEducationalProject/ifrit/data/csv_data/test_case_addr_02.csv
2025-09-10 16:23:29,637 - api_automation - INFO - 文件是否存在: True
2025-09-10 16:23:29,637 - api_automation - INFO - 检测到.csv文件，使用CSV方式读取
2025-09-10 16:23:29,641 - api_automation - INFO - 成功读取文件，数据行数: 3
2025-09-10 16:23:29,663 - api_automation - INFO - 从 /Users/sunwenlong/PythonEducationalProject/ifrit/data/csv_data/test_case_addr_02.csv 成功读取 3 条测试用例
2025-09-10 16:23:29,663 - api_automation - INFO - 从 /Users/sunwenlong/PythonEducationalProject/ifrit/data/csv_data/test_case_addr_02.csv 加载了 3 条测试用例
2025-09-10 16:23:29,663 - api_automation - INFO - 总共加载了 14 条测试用例
2025-09-10 16:23:29,669 - api_automation - INFO - 查找所有测试文件，找到 3 个文件
2025-09-10 16:23:29,673 - api_automation - INFO - 查找所有测试文件，找到 3 个文件
2025-09-10 16:23:29,678 - api_automation - INFO - 开始执行测试用例: 1 - 登录
2025-09-10 16:23:29,678 - api_automation - INFO - 发送 POST 请求到 /api/login
2025-09-10 16:23:29,680 - api_automation - INFO - ==================================================
2025-09-10 16:23:29,680 - api_automation - INFO - 开始发送HTTP请求
2025-09-10 16:23:29,680 - api_automation - INFO - 请求方法: POST
2025-09-10 16:23:29,680 - api_automation - INFO - 请求URL: http://5912.org:6666/api/login
2025-09-10 16:23:29,680 - api_automation - INFO - 请求头: {
  "Content-Type": "application/json"
}
2025-09-10 16:23:29,680 - api_automation - INFO - JSON数据: {
  "username": "main",
  "password": "123456"
}
2025-09-10 16:23:29,680 - api_automation - INFO - 超时时间: 30秒
2025-09-10 16:23:29,680 - api_automation - INFO - ------------------------------
2025-09-10 16:23:29,757 - api_automation - INFO - 收到HTTP响应
2025-09-10 16:23:29,757 - api_automation - INFO - 响应状态码: 200
2025-09-10 16:23:29,758 - api_automation - INFO - 响应头: {
  "Server": "Werkzeug/3.1.3 Python/3.9.2",
  "Date": "Wed, 10 Sep 2025 08:23:29 GMT",
  "Content-Type": "text/html; charset=utf-8",
  "Content-Length": "89",
  "Access-Control-Allow-Origin": "*",
  "Connection": "close"
}
2025-09-10 16:23:29,758 - api_automation - INFO - 响应体: {"success": true, "message": "登录成功", "token": "7bdb5933aeae425aa148e950e6db569a"}
2025-09-10 16:23:29,758 - api_automation - INFO - 响应时间: 0.056314秒
2025-09-10 16:23:29,758 - api_automation - INFO - ==================================================
2025-09-10 16:23:29,758 - api_automation - INFO - 执行状态码断言: 期望 200
2025-09-10 16:23:29,758 - api_automation - INFO - 断言成功: 状态码 200 == 200
2025-09-10 16:23:29,758 - api_automation - INFO - 开始提取变量（简化格式）: 键=token=json.token
2025-09-10 16:23:29,759 - api_automation - INFO - JSON路径提取成功: token -> 7bdb5933aeae425aa148e950e6db569a
2025-09-10 16:23:29,759 - api_automation - INFO - 设置变量: token = 7bdb5933aeae425aa148e950e6db569a
2025-09-10 16:23:29,760 - api_automation - INFO - 变量提取成功: token = 7bdb5933aeae425aa148e950e6db569a
2025-09-10 16:23:29,760 - api_automation - INFO - 测试用例执行完成: 1 - 登录
2025-09-10 16:23:29,770 - api_automation - INFO - 开始执行测试用例: 2 - 地址列表查询
2025-09-10 16:23:29,771 - api_automation - INFO - 发送 POST 请求到 /api/address/list
2025-09-10 16:23:29,772 - api_automation - INFO - ==================================================
2025-09-10 16:23:29,773 - api_automation - INFO - 开始发送HTTP请求
2025-09-10 16:23:29,773 - api_automation - INFO - 请求方法: POST
2025-09-10 16:23:29,773 - api_automation - INFO - 请求URL: http://5912.org:6666/api/address/list
2025-09-10 16:23:29,773 - api_automation - INFO - 请求头: {
  "Content-Type": "application/json"
}
2025-09-10 16:23:29,773 - api_automation - INFO - JSON数据: {
  "username": "main",
  "token": "7bdb5933aeae425aa148e950e6db569a"
}
2025-09-10 16:23:29,774 - api_automation - INFO - 超时时间: 30秒
2025-09-10 16:23:29,775 - api_automation - INFO - ------------------------------
2025-09-10 16:23:29,812 - api_automation - INFO - 收到HTTP响应
2025-09-10 16:23:29,812 - api_automation - INFO - 响应状态码: 200
2025-09-10 16:23:29,812 - api_automation - INFO - 响应头: {
  "Server": "Werkzeug/3.1.3 Python/3.9.2",
  "Date": "Wed, 10 Sep 2025 08:23:30 GMT",
  "Content-Type": "text/html; charset=utf-8",
  "Content-Length": "305",
  "Access-Control-Allow-Origin": "*",
  "Connection": "close"
}
2025-09-10 16:23:29,813 - api_automation - INFO - 响应体: {"success": true, "message": "查询成功", "data": [{"id": 3, "name": "张三", "phone": "13800138000", "province": "北京市", "city": "北京市", "district": "朝阳区", "detail": "某某街道123号", "is_default": false, "created_at": "2025-08-20 09:06:27", "updated_at": "2025-08-20 09:06:27"}]}
2025-09-10 16:23:29,813 - api_automation - INFO - 响应时间: 0.024626秒
2025-09-10 16:23:29,813 - api_automation - INFO - ==================================================
2025-09-10 16:23:29,813 - api_automation - INFO - 执行状态码断言: 期望 200
2025-09-10 16:23:29,813 - api_automation - INFO - 断言成功: 状态码 200 == 200
2025-09-10 16:23:29,813 - api_automation - INFO - 执行内容包含断言: 期望包含 '{"success": true, "message": "查询成功", "data": [{"id": 3, "name": "张三", "phone": "13800138000", "province": "北京市", "city":
"北京市", "district": "朝阳区", "detail": "某某街道123号", "is_default": false, "created_at": "2025-08-20 09:06:27", "updated_at":
"2025-08-20 09:06:27"}]}'
2025-09-10 16:23:29,814 - api_automation - INFO - 断言成功: 响应内容包含标准化后的 '{"success":true,"message":"查询成功","data":[{"id":3,"name":"张三","phone":"13800138000","province":"北京市","city":"北京市","district":"朝阳区","detail":"某某街道123号","is_default":false,"created_at":"2025-08-20 09:06:27","updated_at":"2025-08-20 09:06:27"}]}'
2025-09-10 16:23:29,816 - api_automation - INFO - 测试用例执行完成: 2 - 地址列表查询
2025-09-10 16:23:29,828 - api_automation - INFO - 开始执行测试用例: 3 - 地址列表查询
2025-09-10 16:23:29,828 - api_automation - INFO - 发送 POST 请求到 /api/address/list
2025-09-10 16:23:29,829 - api_automation - INFO - ==================================================
2025-09-10 16:23:29,829 - api_automation - INFO - 开始发送HTTP请求
2025-09-10 16:23:29,830 - api_automation - INFO - 请求方法: POST
2025-09-10 16:23:29,830 - api_automation - INFO - 请求URL: http://5912.org:6666/api/address/list
2025-09-10 16:23:29,830 - api_automation - INFO - 请求头: {
  "Content-Type": "application/json"
}
2025-09-10 16:23:29,830 - api_automation - INFO - JSON数据: {
  "username": "main"
}
2025-09-10 16:23:29,830 - api_automation - INFO - 超时时间: 30秒
2025-09-10 16:23:29,830 - api_automation - INFO - ------------------------------
2025-09-10 16:23:29,852 - api_automation - INFO - 收到HTTP响应
2025-09-10 16:23:29,852 - api_automation - INFO - 响应状态码: 401
2025-09-10 16:23:29,853 - api_automation - INFO - 响应头: {
  "Server": "Werkzeug/3.1.3 Python/3.9.2",
  "Date": "Wed, 10 Sep 2025 08:23:30 GMT",
  "Content-Type": "text/html; charset=utf-8",
  "Content-Length": "56",
  "Access-Control-Allow-Origin": "*",
  "Connection": "close"
}
2025-09-10 16:23:29,853 - api_automation - INFO - 响应体: {"success": false, "message": "缺少用户名或Token"}
2025-09-10 16:23:29,853 - api_automation - INFO - 响应时间: 0.016419秒
2025-09-10 16:23:29,853 - api_automation - INFO - ==================================================
2025-09-10 16:23:29,853 - api_automation - INFO - 执行状态码断言: 期望 401
2025-09-10 16:23:29,853 - api_automation - ERROR - 请求发送失败，未收到有效响应，无法执行状态码断言
2025-09-10 16:23:29,853 - api_automation - INFO - 执行内容包含断言: 期望包含 '{"success": false, "message": "缺少用户名或Token"}'
2025-09-10 16:23:29,853 - api_automation - INFO - 断言成功: 响应内容包含标准化后的 '{"success":false,"message":"缺少用户名或Token"}'
2025-09-10 16:23:29,854 - api_automation - INFO - 测试用例执行完成: 3 - 地址列表查询
2025-09-10 16:23:29,862 - api_automation - INFO - 开始执行测试用例: 4 - 地址列表查询
2025-09-10 16:23:29,863 - api_automation - INFO - 发送 POST 请求到 /api/address/list
2025-09-10 16:23:29,864 - api_automation - INFO - ==================================================
2025-09-10 16:23:29,864 - api_automation - INFO - 开始发送HTTP请求
2025-09-10 16:23:29,864 - api_automation - INFO - 请求方法: POST
2025-09-10 16:23:29,864 - api_automation - INFO - 请求URL: http://5912.org:6666/api/address/list
2025-09-10 16:23:29,864 - api_automation - INFO - 请求头: {
  "Content-Type": "application/json"
}
2025-09-10 16:23:29,864 - api_automation - INFO - JSON数据: {
  "username": "test",
  "token": "7bdb5933aeae425aa148e950e6db569a"
}
2025-09-10 16:23:29,865 - api_automation - INFO - 超时时间: 30秒
2025-09-10 16:23:29,865 - api_automation - INFO - ------------------------------
2025-09-10 16:23:29,895 - api_automation - INFO - 收到HTTP响应
2025-09-10 16:23:29,896 - api_automation - INFO - 响应状态码: 401
2025-09-10 16:23:29,896 - api_automation - INFO - 响应头: {
  "Server": "Werkzeug/3.1.3 Python/3.9.2",
  "Date": "Wed, 10 Sep 2025 08:23:30 GMT",
  "Content-Type": "text/html; charset=utf-8",
  "Content-Length": "50",
  "Access-Control-Allow-Origin": "*",
  "Connection": "close"
}
2025-09-10 16:23:29,896 - api_automation - INFO - 响应体: {"success": false, "message": "Token验证失败"}
2025-09-10 16:23:29,896 - api_automation - INFO - 响应时间: 0.024232秒
2025-09-10 16:23:29,896 - api_automation - INFO - ==================================================
2025-09-10 16:23:29,896 - api_automation - INFO - 执行状态码断言: 期望 401
2025-09-10 16:23:29,896 - api_automation - ERROR - 请求发送失败，未收到有效响应，无法执行状态码断言
2025-09-10 16:23:29,896 - api_automation - INFO - 执行内容包含断言: 期望包含 '{"success": false, "message": "Token验证失败"}'
2025-09-10 16:23:29,897 - api_automation - INFO - 断言成功: 响应内容包含标准化后的 '{"success":false,"message":"Token验证失败"}'
2025-09-10 16:23:29,898 - api_automation - INFO - 测试用例执行完成: 4 - 地址列表查询
2025-09-10 16:23:29,906 - api_automation - INFO - 开始执行测试用例: 1 - 地址列表查询
2025-09-10 16:23:29,906 - api_automation - INFO - 发送 POST 请求到 /api/address/list
2025-09-10 16:23:29,907 - api_automation - INFO - ==================================================
2025-09-10 16:23:29,907 - api_automation - INFO - 开始发送HTTP请求
2025-09-10 16:23:29,907 - api_automation - INFO - 请求方法: POST
2025-09-10 16:23:29,907 - api_automation - INFO - 请求URL: http://5912.org:6666/api/address/list
2025-09-10 16:23:29,907 - api_automation - INFO - 请求头: {
  "Content-Type": "application/json"
}
2025-09-10 16:23:29,907 - api_automation - INFO - JSON数据: {
  "username": "main",
  "token": "7bdb5933aeae425aa148e950e6db569a"
}
2025-09-10 16:23:29,908 - api_automation - INFO - 超时时间: 30秒
2025-09-10 16:23:29,908 - api_automation - INFO - ------------------------------
2025-09-10 16:23:29,944 - api_automation - INFO - 收到HTTP响应
2025-09-10 16:23:29,945 - api_automation - INFO - 响应状态码: 200
2025-09-10 16:23:29,946 - api_automation - INFO - 响应头: {
  "Server": "Werkzeug/3.1.3 Python/3.9.2",
  "Date": "Wed, 10 Sep 2025 08:23:30 GMT",
  "Content-Type": "text/html; charset=utf-8",
  "Content-Length": "305",
  "Access-Control-Allow-Origin": "*",
  "Connection": "close"
}
2025-09-10 16:23:29,946 - api_automation - INFO - 响应体: {"success": true, "message": "查询成功", "data": [{"id": 3, "name": "张三", "phone": "13800138000", "province": "北京市", "city": "北京市", "district": "朝阳区", "detail": "某某街道123号", "is_default": false, "created_at": "2025-08-20 09:06:27", "updated_at": "2025-08-20 09:06:27"}]}
2025-09-10 16:23:29,946 - api_automation - INFO - 响应时间: 0.028942秒
2025-09-10 16:23:29,947 - api_automation - INFO - ==================================================
2025-09-10 16:23:29,948 - api_automation - INFO - 执行状态码断言: 期望 200
2025-09-10 16:23:29,948 - api_automation - INFO - 断言成功: 状态码 200 == 200
2025-09-10 16:23:29,949 - api_automation - INFO - 执行内容包含断言: 期望包含 '{"success": true, "message": "查询成功", "data": [{"id": 3, "name": "张三", "phone": "13800138000", "province": "北京市", "city":
"北京市", "district": "朝阳区", "detail": "某某街道123号", "is_default": false, "created_at": "2025-08-20 09:06:27", "updated_at":
"2025-08-20 09:06:27"}]}'
2025-09-10 16:23:29,949 - api_automation - INFO - 断言成功: 响应内容包含标准化后的 '{"success":true,"message":"查询成功","data":[{"id":3,"name":"张三","phone":"13800138000","province":"北京市","city":"北京市","district":"朝阳区","detail":"某某街道123号","is_default":false,"created_at":"2025-08-20 09:06:27","updated_at":"2025-08-20 09:06:27"}]}'
2025-09-10 16:23:29,950 - api_automation - INFO - 测试用例执行完成: 1 - 地址列表查询
2025-09-10 16:23:29,958 - api_automation - INFO - 开始执行测试用例: 2 - 地址列表查询
2025-09-10 16:23:29,958 - api_automation - INFO - 发送 POST 请求到 /api/address/list
2025-09-10 16:23:29,959 - api_automation - INFO - ==================================================
2025-09-10 16:23:29,960 - api_automation - INFO - 开始发送HTTP请求
2025-09-10 16:23:29,960 - api_automation - INFO - 请求方法: POST
2025-09-10 16:23:29,960 - api_automation - INFO - 请求URL: http://5912.org:6666/api/address/list
2025-09-10 16:23:29,960 - api_automation - INFO - 请求头: {
  "Content-Type": "application/json"
}
2025-09-10 16:23:29,960 - api_automation - INFO - JSON数据: {
  "username": "main"
}
2025-09-10 16:23:29,961 - api_automation - INFO - 超时时间: 30秒
2025-09-10 16:23:29,961 - api_automation - INFO - ------------------------------
2025-09-10 16:23:29,984 - api_automation - INFO - 收到HTTP响应
2025-09-10 16:23:29,985 - api_automation - INFO - 响应状态码: 401
2025-09-10 16:23:29,985 - api_automation - INFO - 响应头: {
  "Server": "Werkzeug/3.1.3 Python/3.9.2",
  "Date": "Wed, 10 Sep 2025 08:23:30 GMT",
  "Content-Type": "text/html; charset=utf-8",
  "Content-Length": "56",
  "Access-Control-Allow-Origin": "*",
  "Connection": "close"
}
2025-09-10 16:23:29,985 - api_automation - INFO - 响应体: {"success": false, "message": "缺少用户名或Token"}
2025-09-10 16:23:29,986 - api_automation - INFO - 响应时间: 0.015239秒
2025-09-10 16:23:29,986 - api_automation - INFO - ==================================================
2025-09-10 16:23:29,987 - api_automation - INFO - 执行状态码断言: 期望 401
2025-09-10 16:23:29,987 - api_automation - ERROR - 请求发送失败，未收到有效响应，无法执行状态码断言
2025-09-10 16:23:29,987 - api_automation - INFO - 执行内容包含断言: 期望包含 '{"success": false, "message": "缺少用户名或Token"}'
2025-09-10 16:23:29,988 - api_automation - INFO - 断言成功: 响应内容包含标准化后的 '{"success":false,"message":"缺少用户名或Token"}'
2025-09-10 16:23:29,992 - api_automation - INFO - 测试用例执行完成: 2 - 地址列表查询
2025-09-10 16:23:30,002 - api_automation - INFO - 开始执行测试用例: 3 - 地址列表查询
2025-09-10 16:23:30,003 - api_automation - INFO - 发送 POST 请求到 /api/address/list
2025-09-10 16:23:30,004 - api_automation - INFO - ==================================================
2025-09-10 16:23:30,004 - api_automation - INFO - 开始发送HTTP请求
2025-09-10 16:23:30,004 - api_automation - INFO - 请求方法: POST
2025-09-10 16:23:30,004 - api_automation - INFO - 请求URL: http://5912.org:6666/api/address/list
2025-09-10 16:23:30,005 - api_automation - INFO - 请求头: {
  "Content-Type": "application/json"
}
2025-09-10 16:23:30,005 - api_automation - INFO - JSON数据: {
  "username": "test",
  "token": "7bdb5933aeae425aa148e950e6db569a"
}
2025-09-10 16:23:30,005 - api_automation - INFO - 超时时间: 30秒
2025-09-10 16:23:30,005 - api_automation - INFO - ------------------------------
2025-09-10 16:23:30,030 - api_automation - INFO - 收到HTTP响应
2025-09-10 16:23:30,030 - api_automation - INFO - 响应状态码: 401
2025-09-10 16:23:30,030 - api_automation - INFO - 响应头: {
  "Server": "Werkzeug/3.1.3 Python/3.9.2",
  "Date": "Wed, 10 Sep 2025 08:23:30 GMT",
  "Content-Type": "text/html; charset=utf-8",
  "Content-Length": "50",
  "Access-Control-Allow-Origin": "*",
  "Connection": "close"
}
2025-09-10 16:23:30,031 - api_automation - INFO - 响应体: {"success": false, "message": "Token验证失败"}
2025-09-10 16:23:30,031 - api_automation - INFO - 响应时间: 0.018811秒
2025-09-10 16:23:30,031 - api_automation - INFO - ==================================================
2025-09-10 16:23:30,032 - api_automation - INFO - 执行状态码断言: 期望 401
2025-09-10 16:23:30,032 - api_automation - ERROR - 请求发送失败，未收到有效响应，无法执行状态码断言
2025-09-10 16:23:30,032 - api_automation - INFO - 执行内容包含断言: 期望包含 '{"success": false, "message": "Token验证失败"}'
2025-09-10 16:23:30,033 - api_automation - INFO - 断言成功: 响应内容包含标准化后的 '{"success":false,"message":"Token验证失败"}'
2025-09-10 16:23:30,035 - api_automation - INFO - 测试用例执行完成: 3 - 地址列表查询
2025-09-10 16:23:30,062 - api_automation - INFO - 开始执行测试用例: 1 - 登录
2025-09-10 16:23:30,063 - api_automation - INFO - 发送 POST 请求到 /api/login
2025-09-10 16:23:30,064 - api_automation - INFO - ==================================================
2025-09-10 16:23:30,064 - api_automation - INFO - 开始发送HTTP请求
2025-09-10 16:23:30,064 - api_automation - INFO - 请求方法: POST
2025-09-10 16:23:30,064 - api_automation - INFO - 请求URL: http://5912.org:6666/api/login
2025-09-10 16:23:30,064 - api_automation - INFO - 请求头: {
  "Content-Type": "application/json"
}
2025-09-10 16:23:30,064 - api_automation - INFO - JSON数据: {
  "username": "main",
  "password": "123456"
}
2025-09-10 16:23:30,065 - api_automation - INFO - 超时时间: 30秒
2025-09-10 16:23:30,065 - api_automation - INFO - ------------------------------
2025-09-10 16:23:30,146 - api_automation - INFO - 收到HTTP响应
2025-09-10 16:23:30,146 - api_automation - INFO - 响应状态码: 200
2025-09-10 16:23:30,147 - api_automation - INFO - 响应头: {
  "Server": "Werkzeug/3.1.3 Python/3.9.2",
  "Date": "Wed, 10 Sep 2025 08:23:30 GMT",
  "Content-Type": "text/html; charset=utf-8",
  "Content-Length": "89",
  "Access-Control-Allow-Origin": "*",
  "Connection": "close"
}
2025-09-10 16:23:30,147 - api_automation - INFO - 响应体: {"success": true, "message": "登录成功", "token": "7bdb5933aeae425aa148e950e6db569a"}
2025-09-10 16:23:30,147 - api_automation - INFO - 响应时间: 0.074076秒
2025-09-10 16:23:30,147 - api_automation - INFO - ==================================================
2025-09-10 16:23:30,148 - api_automation - INFO - 执行状态码断言: 期望 200
2025-09-10 16:23:30,148 - api_automation - INFO - 断言成功: 状态码 200 == 200
2025-09-10 16:23:30,148 - api_automation - INFO - 开始提取变量（简化格式）: 键=token=token
2025-09-10 16:23:30,148 - api_automation - INFO - JSON路径提取成功: token -> 7bdb5933aeae425aa148e950e6db569a
2025-09-10 16:23:30,148 - api_automation - INFO - 设置变量: token = 7bdb5933aeae425aa148e950e6db569a
2025-09-10 16:23:30,149 - api_automation - INFO - 变量提取成功: token = 7bdb5933aeae425aa148e950e6db569a
2025-09-10 16:23:30,150 - api_automation - INFO - 测试用例执行完成: 1 - 登录
2025-09-10 16:23:30,158 - api_automation - INFO - 开始执行测试用例: 2 - 地址列表验证
2025-09-10 16:23:30,158 - api_automation - INFO - 发送 POST 请求到 /api/address/list
2025-09-10 16:23:30,159 - api_automation - INFO - ==================================================
2025-09-10 16:23:30,159 - api_automation - INFO - 开始发送HTTP请求
2025-09-10 16:23:30,160 - api_automation - INFO - 请求方法: POST
2025-09-10 16:23:30,160 - api_automation - INFO - 请求URL: http://5912.org:6666/api/address/list
2025-09-10 16:23:30,160 - api_automation - INFO - 请求头: {
  "Content-Type": "application/json"
}
2025-09-10 16:23:30,160 - api_automation - INFO - JSON数据: {
  "username": "main",
  "token": "7bdb5933aeae425aa148e950e6db569a"
}
2025-09-10 16:23:30,160 - api_automation - INFO - 超时时间: 30秒
2025-09-10 16:23:30,160 - api_automation - INFO - ------------------------------
2025-09-10 16:23:30,191 - api_automation - INFO - 收到HTTP响应
2025-09-10 16:23:30,192 - api_automation - INFO - 响应状态码: 200
2025-09-10 16:23:30,192 - api_automation - INFO - 响应头: {
  "Server": "Werkzeug/3.1.3 Python/3.9.2",
  "Date": "Wed, 10 Sep 2025 08:23:30 GMT",
  "Content-Type": "text/html; charset=utf-8",
  "Content-Length": "305",
  "Access-Control-Allow-Origin": "*",
  "Connection": "close"
}
2025-09-10 16:23:30,193 - api_automation - INFO - 响应体: {"success": true, "message": "查询成功", "data": [{"id": 3, "name": "张三", "phone": "13800138000", "province": "北京市", "city": "北京市", "district": "朝阳区", "detail": "某某街道123号", "is_default": false, "created_at": "2025-08-20 09:06:27", "updated_at": "2025-08-20 09:06:27"}]}
2025-09-10 16:23:30,193 - api_automation - INFO - 响应时间: 0.024052秒
2025-09-10 16:23:30,193 - api_automation - INFO - ==================================================
2025-09-10 16:23:30,194 - api_automation - INFO - 执行状态码断言: 期望 200
2025-09-10 16:23:30,194 - api_automation - INFO - 断言成功: 状态码 200 == 200
2025-09-10 16:23:30,194 - api_automation - INFO - 执行内容包含断言: 期望包含 '{"success": true, "message": "查询成功", "data": [{"id": 3, "name": "张三", "phone": "13800138000", "province": "北京市", "city": "北京市", "district": "朝阳区", "detail": "某某街道123号", "is_default": false, "created_at": "2025-08-20 09:06:27", "updated_at": "2025-08-20 09:06:27"}]}'
2025-09-10 16:23:30,195 - api_automation - INFO - 断言成功: 响应内容包含标准化后的 '{"success":true,"message":"查询成功","data":[{"id":3,"name":"张三","phone":"13800138000","province":"北京市","city":"北京市","district":"朝阳区","detail":"某某街道123号","is_default":false,"created_at":"2025-08-20 09:06:27","updated_at":"2025-08-20 09:06:27"}]}'
2025-09-10 16:23:30,196 - api_automation - INFO - 测试用例执行完成: 2 - 地址列表验证
2025-09-10 16:23:30,206 - api_automation - INFO - 开始执行测试用例: 3 - 地址列表传参缺失验证
2025-09-10 16:23:30,206 - api_automation - INFO - 发送 POST 请求到 /api/address/list
2025-09-10 16:23:30,207 - api_automation - INFO - ==================================================
2025-09-10 16:23:30,207 - api_automation - INFO - 开始发送HTTP请求
2025-09-10 16:23:30,207 - api_automation - INFO - 请求方法: POST
2025-09-10 16:23:30,208 - api_automation - INFO - 请求URL: http://5912.org:6666/api/address/list
2025-09-10 16:23:30,208 - api_automation - INFO - 请求头: {
  "Content-Type": "application/json"
}
2025-09-10 16:23:30,208 - api_automation - INFO - JSON数据: {
  "username": "main"
}
2025-09-10 16:23:30,208 - api_automation - INFO - 超时时间: 30秒
2025-09-10 16:23:30,208 - api_automation - INFO - ------------------------------
2025-09-10 16:23:30,235 - api_automation - INFO - 收到HTTP响应
2025-09-10 16:23:30,235 - api_automation - INFO - 响应状态码: 401
2025-09-10 16:23:30,236 - api_automation - INFO - 响应头: {
  "Server": "Werkzeug/3.1.3 Python/3.9.2",
  "Date": "Wed, 10 Sep 2025 08:23:30 GMT",
  "Content-Type": "text/html; charset=utf-8",
  "Content-Length": "56",
  "Access-Control-Allow-Origin": "*",
  "Connection": "close"
}
2025-09-10 16:23:30,236 - api_automation - INFO - 响应体: {"success": false, "message": "缺少用户名或Token"}
2025-09-10 16:23:30,237 - api_automation - INFO - 响应时间: 0.017319秒
2025-09-10 16:23:30,237 - api_automation - INFO - ==================================================
2025-09-10 16:23:30,238 - api_automation - INFO - 执行状态码断言: 期望 401
2025-09-10 16:23:30,238 - api_automation - ERROR - 请求发送失败，未收到有效响应，无法执行状态码断言
2025-09-10 16:23:30,238 - api_automation - INFO - 执行内容包含断言: 期望包含 '{"success": false, "message": "缺少用户名或Token"}'
2025-09-10 16:23:30,239 - api_automation - INFO - 断言成功: 响应内容包含标准化后的 '{"success":false,"message":"缺少用户名或Token"}'
2025-09-10 16:23:30,240 - api_automation - INFO - 测试用例执行完成: 3 - 地址列表传参缺失验证
2025-09-10 16:23:30,251 - api_automation - INFO - 开始执行测试用例: 4 - 查询地址列表登录失败验证
2025-09-10 16:23:30,252 - api_automation - INFO - 发送 POST 请求到 /api/address/list
2025-09-10 16:23:30,254 - api_automation - INFO - ==================================================
2025-09-10 16:23:30,254 - api_automation - INFO - 开始发送HTTP请求
2025-09-10 16:23:30,254 - api_automation - INFO - 请求方法: POST
2025-09-10 16:23:30,254 - api_automation - INFO - 请求URL: http://5912.org:6666/api/address/list
2025-09-10 16:23:30,254 - api_automation - INFO - 请求头: {
  "Content-Type": "application/json"
}
2025-09-10 16:23:30,255 - api_automation - INFO - JSON数据: {
  "username": "test",
  "token": "7bdb5933aeae425aa148e950e6db569a"
}
2025-09-10 16:23:30,255 - api_automation - INFO - 超时时间: 30秒
2025-09-10 16:23:30,255 - api_automation - INFO - ------------------------------
2025-09-10 16:23:30,282 - api_automation - INFO - 收到HTTP响应
2025-09-10 16:23:30,282 - api_automation - INFO - 响应状态码: 401
2025-09-10 16:23:30,283 - api_automation - INFO - 响应头: {
  "Server": "Werkzeug/3.1.3 Python/3.9.2",
  "Date": "Wed, 10 Sep 2025 08:23:30 GMT",
  "Content-Type": "text/html; charset=utf-8",
  "Content-Length": "50",
  "Access-Control-Allow-Origin": "*",
  "Connection": "close"
}
2025-09-10 16:23:30,283 - api_automation - INFO - 响应体: {"success": false, "message": "Token验证失败"}
2025-09-10 16:23:30,283 - api_automation - INFO - 响应时间: 0.020113秒
2025-09-10 16:23:30,283 - api_automation - INFO - ==================================================
2025-09-10 16:23:30,284 - api_automation - INFO - 执行状态码断言: 期望 401
2025-09-10 16:23:30,284 - api_automation - ERROR - 请求发送失败，未收到有效响应，无法执行状态码断言
2025-09-10 16:23:30,284 - api_automation - INFO - 执行内容包含断言: 期望包含 '{"success": false, "message": "Token验证失败"}'
2025-09-10 16:23:30,285 - api_automation - INFO - 断言成功: 响应内容包含标准化后的 '{"success":false,"message":"Token验证失败"}'
2025-09-10 16:23:30,287 - api_automation - INFO - 测试用例执行完成: 4 - 查询地址列表登录失败验证
2025-09-10 16:23:30,300 - api_automation - INFO - 开始执行测试用例: 1 - 地址列表验证
2025-09-10 16:23:30,300 - api_automation - INFO - 发送 POST 请求到 /api/address/list
2025-09-10 16:23:30,301 - api_automation - INFO - ==================================================
2025-09-10 16:23:30,302 - api_automation - INFO - 开始发送HTTP请求
2025-09-10 16:23:30,302 - api_automation - INFO - 请求方法: POST
2025-09-10 16:23:30,302 - api_automation - INFO - 请求URL: http://5912.org:6666/api/address/list
2025-09-10 16:23:30,302 - api_automation - INFO - 请求头: {
  "Content-Type": "application/json"
}
2025-09-10 16:23:30,302 - api_automation - INFO - JSON数据: {
  "username": "main",
  "token": "7bdb5933aeae425aa148e950e6db569a"
}
2025-09-10 16:23:30,302 - api_automation - INFO - 超时时间: 30秒
2025-09-10 16:23:30,303 - api_automation - INFO - ------------------------------
2025-09-10 16:23:30,335 - api_automation - INFO - 收到HTTP响应
2025-09-10 16:23:30,335 - api_automation - INFO - 响应状态码: 200
2025-09-10 16:23:30,336 - api_automation - INFO - 响应头: {
  "Server": "Werkzeug/3.1.3 Python/3.9.2",
  "Date": "Wed, 10 Sep 2025 08:23:30 GMT",
  "Content-Type": "text/html; charset=utf-8",
  "Content-Length": "305",
  "Access-Control-Allow-Origin": "*",
  "Connection": "close"
}
2025-09-10 16:23:30,336 - api_automation - INFO - 响应体: {"success": true, "message": "查询成功", "data": [{"id": 3, "name": "张三", "phone": "13800138000", "province": "北京市", "city": "北京市", "district": "朝阳区", "detail": "某某街道123号", "is_default": false, "created_at": "2025-08-20 09:06:27", "updated_at": "2025-08-20 09:06:27"}]}
2025-09-10 16:23:30,336 - api_automation - INFO - 响应时间: 0.02559秒
2025-09-10 16:23:30,336 - api_automation - INFO - ==================================================
2025-09-10 16:23:30,337 - api_automation - INFO - 执行状态码断言: 期望 200
2025-09-10 16:23:30,337 - api_automation - INFO - 断言成功: 状态码 200 == 200
2025-09-10 16:23:30,337 - api_automation - INFO - 执行内容包含断言: 期望包含 '{"success": true, "message": "查询成功", "data": [{"id": 3, "name": "张三", "phone": "13800138000", "province": "北京市", "city": "北京市", "district": "朝阳区", "detail": "某某街道123号", "is_default": false, "created_at": "2025-08-20 09:06:27", "updated_at": "2025-08-20 09:06:27"}]}'
2025-09-10 16:23:30,337 - api_automation - INFO - 断言成功: 响应内容包含标准化后的 '{"success":true,"message":"查询成功","data":[{"id":3,"name":"张三","phone":"13800138000","province":"北京市","city":"北京市","district":"朝阳区","detail":"某某街道123号","is_default":false,"created_at":"2025-08-20 09:06:27","updated_at":"2025-08-20 09:06:27"}]}'
2025-09-10 16:23:30,339 - api_automation - INFO - 测试用例执行完成: 1 - 地址列表验证
2025-09-10 16:23:30,352 - api_automation - INFO - 开始执行测试用例: 2 - 地址列表传参缺失验证
2025-09-10 16:23:30,352 - api_automation - INFO - 发送 POST 请求到 /api/address/list
2025-09-10 16:23:30,354 - api_automation - INFO - ==================================================
2025-09-10 16:23:30,354 - api_automation - INFO - 开始发送HTTP请求
2025-09-10 16:23:30,354 - api_automation - INFO - 请求方法: POST
2025-09-10 16:23:30,354 - api_automation - INFO - 请求URL: http://5912.org:6666/api/address/list
2025-09-10 16:23:30,355 - api_automation - INFO - 请求头: {
  "Content-Type": "application/json"
}
2025-09-10 16:23:30,355 - api_automation - INFO - JSON数据: {
  "username": "main"
}
2025-09-10 16:23:30,355 - api_automation - INFO - 超时时间: 30秒
2025-09-10 16:23:30,355 - api_automation - INFO - ------------------------------
2025-09-10 16:23:30,379 - api_automation - INFO - 收到HTTP响应
2025-09-10 16:23:30,379 - api_automation - INFO - 响应状态码: 401
2025-09-10 16:23:30,380 - api_automation - INFO - 响应头: {
  "Server": "Werkzeug/3.1.3 Python/3.9.2",
  "Date": "Wed, 10 Sep 2025 08:23:30 GMT",
  "Content-Type": "text/html; charset=utf-8",
  "Content-Length": "56",
  "Access-Control-Allow-Origin": "*",
  "Connection": "close"
}
2025-09-10 16:23:30,380 - api_automation - INFO - 响应体: {"success": false, "message": "缺少用户名或Token"}
2025-09-10 16:23:30,380 - api_automation - INFO - 响应时间: 0.015739秒
2025-09-10 16:23:30,380 - api_automation - INFO - ==================================================
2025-09-10 16:23:30,380 - api_automation - INFO - 执行状态码断言: 期望 401
2025-09-10 16:23:30,381 - api_automation - ERROR - 请求发送失败，未收到有效响应，无法执行状态码断言
2025-09-10 16:23:30,381 - api_automation - INFO - 执行内容包含断言: 期望包含 '{"success": false, "message": "缺少用户名或Token"}'
2025-09-10 16:23:30,381 - api_automation - INFO - 断言成功: 响应内容包含标准化后的 '{"success":false,"message":"缺少用户名或Token"}'
2025-09-10 16:23:30,382 - api_automation - INFO - 测试用例执行完成: 2 - 地址列表传参缺失验证
2025-09-10 16:23:30,396 - api_automation - INFO - 开始执行测试用例: 3 - 查询地址列表登录失败验证
2025-09-10 16:23:30,396 - api_automation - INFO - 发送 POST 请求到 /api/address/list
2025-09-10 16:23:30,398 - api_automation - INFO - ==================================================
2025-09-10 16:23:30,398 - api_automation - INFO - 开始发送HTTP请求
2025-09-10 16:23:30,398 - api_automation - INFO - 请求方法: POST
2025-09-10 16:23:30,398 - api_automation - INFO - 请求URL: http://5912.org:6666/api/address/list
2025-09-10 16:23:30,398 - api_automation - INFO - 请求头: {
  "Content-Type": "application/json"
}
2025-09-10 16:23:30,398 - api_automation - INFO - JSON数据: {
  "username": "test",
  "token": "7bdb5933aeae425aa148e950e6db569a"
}
2025-09-10 16:23:30,398 - api_automation - INFO - 超时时间: 30秒
2025-09-10 16:23:30,398 - api_automation - INFO - ------------------------------
2025-09-10 16:23:30,423 - api_automation - INFO - 收到HTTP响应
2025-09-10 16:23:30,423 - api_automation - INFO - 响应状态码: 401
2025-09-10 16:23:30,423 - api_automation - INFO - 响应头: {
  "Server": "Werkzeug/3.1.3 Python/3.9.2",
  "Date": "Wed, 10 Sep 2025 08:23:30 GMT",
  "Content-Type": "text/html; charset=utf-8",
  "Content-Length": "50",
  "Access-Control-Allow-Origin": "*",
  "Connection": "close"
}
2025-09-10 16:23:30,424 - api_automation - INFO - 响应体: {"success": false, "message": "Token验证失败"}
2025-09-10 16:23:30,424 - api_automation - INFO - 响应时间: 0.017141秒
2025-09-10 16:23:30,424 - api_automation - INFO - ==================================================
2025-09-10 16:23:30,424 - api_automation - INFO - 执行状态码断言: 期望 200
2025-09-10 16:23:30,424 - api_automation - ERROR - 请求发送失败，未收到有效响应，无法执行状态码断言
2025-09-10 16:23:30,425 - api_automation - INFO - 执行内容包含断言: 期望包含 '{"success": false, "message": "Token验证失败111"}'
2025-09-10 16:23:30,425 - api_automation - ERROR - 内容包含断言失败: 标准化后的期望内容 '{"success":false,"message":"Token验证失败111"}' 未找到. 
2025-09-10 16:23:30,425 - api_automation - ERROR - 内容断言失败: 标准化后的期望内容 '{"success":false,"message":"Token验证失败111"}' 未找到. 
2025-09-10 16:23:30,794 - api_automation - INFO - 测试执行完成
2025-09-10 16:23:30,810 - api_automation - INFO - 测试执行完成，退出码: 1
2025-09-10 16:24:27,291 - api_automation - INFO - 解析命令行参数完成
2025-09-10 16:24:27,291 - api_automation - INFO - 参数详情: serve_report=False, generate_report=False, type=None, file=None
2025-09-10 16:24:27,292 - api_automation - INFO - 开始执行API自动化测试
2025-09-10 16:24:27,292 - api_automation - INFO - 测试路径: None
2025-09-10 16:24:27,292 - api_automation - INFO - 测试类型: None
2025-09-10 16:24:27,292 - api_automation - INFO - 运行所有测试用例
2025-09-10 16:24:27,292 - api_automation - INFO - 执行命令: pytest testcases/ -v --alluredir=./reports/allure_reports --clean-alluredir
2025-09-10 16:24:28,158 - api_automation - INFO - 查找所有测试文件，找到 4 个文件
2025-09-10 16:24:28,158 - api_automation - INFO - 读取测试文件: /Users/sunwenlong/PythonEducationalProject/ifrit/data/excel_data/test_case_addr_01.xls
2025-09-10 16:24:28,159 - api_automation - INFO - 开始读取测试用例文件: /Users/sunwenlong/PythonEducationalProject/ifrit/data/excel_data/test_case_addr_01.xls
2025-09-10 16:24:28,159 - api_automation - INFO - 文件是否存在: True
2025-09-10 16:24:28,159 - api_automation - INFO - 检测到.xls文件，使用xlrd引擎读取
2025-09-10 16:24:28,171 - api_automation - INFO - 成功读取文件，数据行数: 4
2025-09-10 16:24:28,189 - api_automation - INFO - 从 /Users/sunwenlong/PythonEducationalProject/ifrit/data/excel_data/test_case_addr_01.xls 成功读取 4 条测试用例
2025-09-10 16:24:28,190 - api_automation - INFO - 从 /Users/sunwenlong/PythonEducationalProject/ifrit/data/excel_data/test_case_addr_01.xls 加载了 4 条测试用例
2025-09-10 16:24:28,190 - api_automation - INFO - 读取测试文件: /Users/sunwenlong/PythonEducationalProject/ifrit/data/excel_data/test_case_addr_02.xls
2025-09-10 16:24:28,191 - api_automation - INFO - 开始读取测试用例文件: /Users/sunwenlong/PythonEducationalProject/ifrit/data/excel_data/test_case_addr_02.xls
2025-09-10 16:24:28,191 - api_automation - INFO - 文件是否存在: True
2025-09-10 16:24:28,191 - api_automation - INFO - 检测到.xls文件，使用xlrd引擎读取
2025-09-10 16:24:28,196 - api_automation - INFO - 成功读取文件，数据行数: 3
2025-09-10 16:24:28,214 - api_automation - INFO - 从 /Users/sunwenlong/PythonEducationalProject/ifrit/data/excel_data/test_case_addr_02.xls 成功读取 3 条测试用例
2025-09-10 16:24:28,214 - api_automation - INFO - 从 /Users/sunwenlong/PythonEducationalProject/ifrit/data/excel_data/test_case_addr_02.xls 加载了 3 条测试用例
2025-09-10 16:24:28,214 - api_automation - INFO - 读取测试文件: /Users/sunwenlong/PythonEducationalProject/ifrit/data/csv_data/test_case_addr_01.csv
2025-09-10 16:24:28,215 - api_automation - INFO - 开始读取测试用例文件: /Users/sunwenlong/PythonEducationalProject/ifrit/data/csv_data/test_case_addr_01.csv
2025-09-10 16:24:28,215 - api_automation - INFO - 文件是否存在: True
2025-09-10 16:24:28,215 - api_automation - INFO - 检测到.csv文件，使用CSV方式读取
2025-09-10 16:24:28,218 - api_automation - INFO - 成功读取文件，数据行数: 4
2025-09-10 16:24:28,231 - api_automation - INFO - 从 /Users/sunwenlong/PythonEducationalProject/ifrit/data/csv_data/test_case_addr_01.csv 成功读取 4 条测试用例
2025-09-10 16:24:28,231 - api_automation - INFO - 从 /Users/sunwenlong/PythonEducationalProject/ifrit/data/csv_data/test_case_addr_01.csv 加载了 4 条测试用例
2025-09-10 16:24:28,232 - api_automation - INFO - 读取测试文件: /Users/sunwenlong/PythonEducationalProject/ifrit/data/csv_data/test_case_addr_02.csv
2025-09-10 16:24:28,232 - api_automation - INFO - 开始读取测试用例文件: /Users/sunwenlong/PythonEducationalProject/ifrit/data/csv_data/test_case_addr_02.csv
2025-09-10 16:24:28,232 - api_automation - INFO - 文件是否存在: True
2025-09-10 16:24:28,233 - api_automation - INFO - 检测到.csv文件，使用CSV方式读取
2025-09-10 16:24:28,235 - api_automation - INFO - 成功读取文件，数据行数: 3
2025-09-10 16:24:28,253 - api_automation - INFO - 从 /Users/sunwenlong/PythonEducationalProject/ifrit/data/csv_data/test_case_addr_02.csv 成功读取 3 条测试用例
2025-09-10 16:24:28,253 - api_automation - INFO - 从 /Users/sunwenlong/PythonEducationalProject/ifrit/data/csv_data/test_case_addr_02.csv 加载了 3 条测试用例
2025-09-10 16:24:28,253 - api_automation - INFO - 总共加载了 14 条测试用例
2025-09-10 16:24:28,258 - api_automation - INFO - 查找所有测试文件，找到 3 个文件
2025-09-10 16:24:28,261 - api_automation - INFO - 查找所有测试文件，找到 3 个文件
2025-09-10 16:24:28,266 - api_automation - INFO - 开始执行测试用例: 1 - 登录
2025-09-10 16:24:28,267 - api_automation - INFO - 发送 POST 请求到 /api/login
2025-09-10 16:24:28,268 - api_automation - INFO - ==================================================
2025-09-10 16:24:28,268 - api_automation - INFO - 开始发送HTTP请求
2025-09-10 16:24:28,268 - api_automation - INFO - 请求方法: POST
2025-09-10 16:24:28,268 - api_automation - INFO - 请求URL: http://5912.org:6666/api/login
2025-09-10 16:24:28,269 - api_automation - INFO - 请求头: {
  "Content-Type": "application/json"
}
2025-09-10 16:24:28,269 - api_automation - INFO - JSON数据: {
  "username": "main",
  "password": "123456"
}
2025-09-10 16:24:28,269 - api_automation - INFO - 超时时间: 30秒
2025-09-10 16:24:28,269 - api_automation - INFO - ------------------------------
2025-09-10 16:24:28,334 - api_automation - INFO - 收到HTTP响应
2025-09-10 16:24:28,334 - api_automation - INFO - 响应状态码: 200
2025-09-10 16:24:28,335 - api_automation - INFO - 响应头: {
  "Server": "Werkzeug/3.1.3 Python/3.9.2",
  "Date": "Wed, 10 Sep 2025 08:24:28 GMT",
  "Content-Type": "text/html; charset=utf-8",
  "Content-Length": "89",
  "Access-Control-Allow-Origin": "*",
  "Connection": "close"
}
2025-09-10 16:24:28,335 - api_automation - INFO - 响应体: {"success": true, "message": "登录成功", "token": "7bdb5933aeae425aa148e950e6db569a"}
2025-09-10 16:24:28,335 - api_automation - INFO - 响应时间: 0.053253秒
2025-09-10 16:24:28,335 - api_automation - INFO - ==================================================
2025-09-10 16:24:28,335 - api_automation - INFO - 执行状态码断言: 期望 200
2025-09-10 16:24:28,335 - api_automation - INFO - 断言成功: 状态码 200 == 200
2025-09-10 16:24:28,335 - api_automation - INFO - 开始提取变量（简化格式）: 键=token=json.token
2025-09-10 16:24:28,336 - api_automation - INFO - JSON路径提取成功: token -> 7bdb5933aeae425aa148e950e6db569a
2025-09-10 16:24:28,336 - api_automation - INFO - 设置变量: token = 7bdb5933aeae425aa148e950e6db569a
2025-09-10 16:24:28,337 - api_automation - INFO - 变量提取成功: token = 7bdb5933aeae425aa148e950e6db569a
2025-09-10 16:24:28,337 - api_automation - INFO - 测试用例执行完成: 1 - 登录
2025-09-10 16:24:28,344 - api_automation - INFO - 开始执行测试用例: 2 - 地址列表查询
2025-09-10 16:24:28,345 - api_automation - INFO - 发送 POST 请求到 /api/address/list
2025-09-10 16:24:28,346 - api_automation - INFO - ==================================================
2025-09-10 16:24:28,346 - api_automation - INFO - 开始发送HTTP请求
2025-09-10 16:24:28,346 - api_automation - INFO - 请求方法: POST
2025-09-10 16:24:28,347 - api_automation - INFO - 请求URL: http://5912.org:6666/api/address/list
2025-09-10 16:24:28,347 - api_automation - INFO - 请求头: {
  "Content-Type": "application/json"
}
2025-09-10 16:24:28,347 - api_automation - INFO - JSON数据: {
  "username": "main",
  "token": "7bdb5933aeae425aa148e950e6db569a"
}
2025-09-10 16:24:28,347 - api_automation - INFO - 超时时间: 30秒
2025-09-10 16:24:28,347 - api_automation - INFO - ------------------------------
2025-09-10 16:24:28,389 - api_automation - INFO - 收到HTTP响应
2025-09-10 16:24:28,390 - api_automation - INFO - 响应状态码: 200
2025-09-10 16:24:28,390 - api_automation - INFO - 响应头: {
  "Server": "Werkzeug/3.1.3 Python/3.9.2",
  "Date": "Wed, 10 Sep 2025 08:24:28 GMT",
  "Content-Type": "text/html; charset=utf-8",
  "Content-Length": "305",
  "Access-Control-Allow-Origin": "*",
  "Connection": "close"
}
2025-09-10 16:24:28,390 - api_automation - INFO - 响应体: {"success": true, "message": "查询成功", "data": [{"id": 3, "name": "张三", "phone": "13800138000", "province": "北京市", "city": "北京市", "district": "朝阳区", "detail": "某某街道123号", "is_default": false, "created_at": "2025-08-20 09:06:27", "updated_at": "2025-08-20 09:06:27"}]}
2025-09-10 16:24:28,390 - api_automation - INFO - 响应时间: 0.031596秒
2025-09-10 16:24:28,391 - api_automation - INFO - ==================================================
2025-09-10 16:24:28,391 - api_automation - INFO - 执行状态码断言: 期望 200
2025-09-10 16:24:28,391 - api_automation - INFO - 断言成功: 状态码 200 == 200
2025-09-10 16:24:28,391 - api_automation - INFO - 执行内容包含断言: 期望包含 '{"success": true, "message": "查询成功", "data": [{"id": 3, "name": "张三", "phone": "13800138000", "province": "北京市", "city":
"北京市", "district": "朝阳区", "detail": "某某街道123号", "is_default": false, "created_at": "2025-08-20 09:06:27", "updated_at":
"2025-08-20 09:06:27"}]}'
2025-09-10 16:24:28,391 - api_automation - INFO - 断言成功: 响应内容包含标准化后的 '{"success":true,"message":"查询成功","data":[{"id":3,"name":"张三","phone":"13800138000","province":"北京市","city":"北京市","district":"朝阳区","detail":"某某街道123号","is_default":false,"created_at":"2025-08-20 09:06:27","updated_at":"2025-08-20 09:06:27"}]}'
2025-09-10 16:24:28,392 - api_automation - INFO - 测试用例执行完成: 2 - 地址列表查询
2025-09-10 16:24:28,402 - api_automation - INFO - 开始执行测试用例: 3 - 地址列表查询
2025-09-10 16:24:28,403 - api_automation - INFO - 发送 POST 请求到 /api/address/list
2025-09-10 16:24:28,404 - api_automation - INFO - ==================================================
2025-09-10 16:24:28,404 - api_automation - INFO - 开始发送HTTP请求
2025-09-10 16:24:28,404 - api_automation - INFO - 请求方法: POST
2025-09-10 16:24:28,405 - api_automation - INFO - 请求URL: http://5912.org:6666/api/address/list
2025-09-10 16:24:28,405 - api_automation - INFO - 请求头: {
  "Content-Type": "application/json"
}
2025-09-10 16:24:28,405 - api_automation - INFO - JSON数据: {
  "username": "main"
}
2025-09-10 16:24:28,405 - api_automation - INFO - 超时时间: 30秒
2025-09-10 16:24:28,405 - api_automation - INFO - ------------------------------
2025-09-10 16:24:28,438 - api_automation - INFO - 收到HTTP响应
2025-09-10 16:24:28,438 - api_automation - INFO - 响应状态码: 401
2025-09-10 16:24:28,438 - api_automation - INFO - 响应头: {
  "Server": "Werkzeug/3.1.3 Python/3.9.2",
  "Date": "Wed, 10 Sep 2025 08:24:28 GMT",
  "Content-Type": "text/html; charset=utf-8",
  "Content-Length": "56",
  "Access-Control-Allow-Origin": "*",
  "Connection": "close"
}
2025-09-10 16:24:28,438 - api_automation - INFO - 响应体: {"success": false, "message": "缺少用户名或Token"}
2025-09-10 16:24:28,438 - api_automation - INFO - 响应时间: 0.022463秒
2025-09-10 16:24:28,438 - api_automation - INFO - ==================================================
2025-09-10 16:24:28,438 - api_automation - INFO - 执行状态码断言: 期望 401
2025-09-10 16:24:28,439 - api_automation - ERROR - 请求发送失败，未收到有效响应，无法执行状态码断言
2025-09-10 16:24:28,439 - api_automation - INFO - 执行内容包含断言: 期望包含 '{"success": false, "message": "缺少用户名或Token"}'
2025-09-10 16:24:28,439 - api_automation - INFO - 断言成功: 响应内容包含标准化后的 '{"success":false,"message":"缺少用户名或Token"}'
2025-09-10 16:24:28,440 - api_automation - INFO - 测试用例执行完成: 3 - 地址列表查询
2025-09-10 16:24:28,449 - api_automation - INFO - 开始执行测试用例: 4 - 地址列表查询
2025-09-10 16:24:28,450 - api_automation - INFO - 发送 POST 请求到 /api/address/list
2025-09-10 16:24:28,451 - api_automation - INFO - ==================================================
2025-09-10 16:24:28,452 - api_automation - INFO - 开始发送HTTP请求
2025-09-10 16:24:28,452 - api_automation - INFO - 请求方法: POST
2025-09-10 16:24:28,452 - api_automation - INFO - 请求URL: http://5912.org:6666/api/address/list
2025-09-10 16:24:28,452 - api_automation - INFO - 请求头: {
  "Content-Type": "application/json"
}
2025-09-10 16:24:28,452 - api_automation - INFO - JSON数据: {
  "username": "test",
  "token": "7bdb5933aeae425aa148e950e6db569a"
}
2025-09-10 16:24:28,452 - api_automation - INFO - 超时时间: 30秒
2025-09-10 16:24:28,452 - api_automation - INFO - ------------------------------
2025-09-10 16:24:28,482 - api_automation - INFO - 收到HTTP响应
2025-09-10 16:24:28,483 - api_automation - INFO - 响应状态码: 401
2025-09-10 16:24:28,483 - api_automation - INFO - 响应头: {
  "Server": "Werkzeug/3.1.3 Python/3.9.2",
  "Date": "Wed, 10 Sep 2025 08:24:28 GMT",
  "Content-Type": "text/html; charset=utf-8",
  "Content-Length": "50",
  "Access-Control-Allow-Origin": "*",
  "Connection": "close"
}
2025-09-10 16:24:28,483 - api_automation - INFO - 响应体: {"success": false, "message": "Token验证失败"}
2025-09-10 16:24:28,484 - api_automation - INFO - 响应时间: 0.021115秒
2025-09-10 16:24:28,484 - api_automation - INFO - ==================================================
2025-09-10 16:24:28,484 - api_automation - INFO - 执行状态码断言: 期望 401
2025-09-10 16:24:28,485 - api_automation - ERROR - 请求发送失败，未收到有效响应，无法执行状态码断言
2025-09-10 16:24:28,485 - api_automation - INFO - 执行内容包含断言: 期望包含 '{"success": false, "message": "Token验证失败"}'
2025-09-10 16:24:28,485 - api_automation - INFO - 断言成功: 响应内容包含标准化后的 '{"success":false,"message":"Token验证失败"}'
2025-09-10 16:24:28,487 - api_automation - INFO - 测试用例执行完成: 4 - 地址列表查询
2025-09-10 16:24:28,494 - api_automation - INFO - 开始执行测试用例: 1 - 地址列表查询
2025-09-10 16:24:28,495 - api_automation - INFO - 发送 POST 请求到 /api/address/list
2025-09-10 16:24:28,496 - api_automation - INFO - ==================================================
2025-09-10 16:24:28,496 - api_automation - INFO - 开始发送HTTP请求
2025-09-10 16:24:28,496 - api_automation - INFO - 请求方法: POST
2025-09-10 16:24:28,496 - api_automation - INFO - 请求URL: http://5912.org:6666/api/address/list
2025-09-10 16:24:28,496 - api_automation - INFO - 请求头: {
  "Content-Type": "application/json"
}
2025-09-10 16:24:28,496 - api_automation - INFO - JSON数据: {
  "username": "main",
  "token": "7bdb5933aeae425aa148e950e6db569a"
}
2025-09-10 16:24:28,496 - api_automation - INFO - 超时时间: 30秒
2025-09-10 16:24:28,497 - api_automation - INFO - ------------------------------
2025-09-10 16:24:28,525 - api_automation - INFO - 收到HTTP响应
2025-09-10 16:24:28,525 - api_automation - INFO - 响应状态码: 200
2025-09-10 16:24:28,525 - api_automation - INFO - 响应头: {
  "Server": "Werkzeug/3.1.3 Python/3.9.2",
  "Date": "Wed, 10 Sep 2025 08:24:28 GMT",
  "Content-Type": "text/html; charset=utf-8",
  "Content-Length": "305",
  "Access-Control-Allow-Origin": "*",
  "Connection": "close"
}
2025-09-10 16:24:28,525 - api_automation - INFO - 响应体: {"success": true, "message": "查询成功", "data": [{"id": 3, "name": "张三", "phone": "13800138000", "province": "北京市", "city": "北京市", "district": "朝阳区", "detail": "某某街道123号", "is_default": false, "created_at": "2025-08-20 09:06:27", "updated_at": "2025-08-20 09:06:27"}]}
2025-09-10 16:24:28,525 - api_automation - INFO - 响应时间: 0.023309秒
2025-09-10 16:24:28,525 - api_automation - INFO - ==================================================
2025-09-10 16:24:28,526 - api_automation - INFO - 执行状态码断言: 期望 200
2025-09-10 16:24:28,526 - api_automation - INFO - 断言成功: 状态码 200 == 200
2025-09-10 16:24:28,526 - api_automation - INFO - 执行内容包含断言: 期望包含 '{"success": true, "message": "查询成功", "data": [{"id": 3, "name": "张三", "phone": "13800138000", "province": "北京市", "city":
"北京市", "district": "朝阳区", "detail": "某某街道123号", "is_default": false, "created_at": "2025-08-20 09:06:27", "updated_at":
"2025-08-20 09:06:27"}]}'
2025-09-10 16:24:28,526 - api_automation - INFO - 断言成功: 响应内容包含标准化后的 '{"success":true,"message":"查询成功","data":[{"id":3,"name":"张三","phone":"13800138000","province":"北京市","city":"北京市","district":"朝阳区","detail":"某某街道123号","is_default":false,"created_at":"2025-08-20 09:06:27","updated_at":"2025-08-20 09:06:27"}]}'
2025-09-10 16:24:28,527 - api_automation - INFO - 测试用例执行完成: 1 - 地址列表查询
2025-09-10 16:24:28,538 - api_automation - INFO - 开始执行测试用例: 2 - 地址列表查询
2025-09-10 16:24:28,539 - api_automation - INFO - 发送 POST 请求到 /api/address/list
2025-09-10 16:24:28,540 - api_automation - INFO - ==================================================
2025-09-10 16:24:28,541 - api_automation - INFO - 开始发送HTTP请求
2025-09-10 16:24:28,541 - api_automation - INFO - 请求方法: POST
2025-09-10 16:24:28,541 - api_automation - INFO - 请求URL: http://5912.org:6666/api/address/list
2025-09-10 16:24:28,541 - api_automation - INFO - 请求头: {
  "Content-Type": "application/json"
}
2025-09-10 16:24:28,542 - api_automation - INFO - JSON数据: {
  "username": "main"
}
2025-09-10 16:24:28,542 - api_automation - INFO - 超时时间: 30秒
2025-09-10 16:24:28,542 - api_automation - INFO - ------------------------------
2025-09-10 16:24:28,569 - api_automation - INFO - 收到HTTP响应
2025-09-10 16:24:28,569 - api_automation - INFO - 响应状态码: 401
2025-09-10 16:24:28,569 - api_automation - INFO - 响应头: {
  "Server": "Werkzeug/3.1.3 Python/3.9.2",
  "Date": "Wed, 10 Sep 2025 08:24:28 GMT",
  "Content-Type": "text/html; charset=utf-8",
  "Content-Length": "56",
  "Access-Control-Allow-Origin": "*",
  "Connection": "close"
}
2025-09-10 16:24:28,570 - api_automation - INFO - 响应体: {"success": false, "message": "缺少用户名或Token"}
2025-09-10 16:24:28,570 - api_automation - INFO - 响应时间: 0.019955秒
2025-09-10 16:24:28,570 - api_automation - INFO - ==================================================
2025-09-10 16:24:28,570 - api_automation - INFO - 执行状态码断言: 期望 401
2025-09-10 16:24:28,570 - api_automation - ERROR - 请求发送失败，未收到有效响应，无法执行状态码断言
2025-09-10 16:24:28,570 - api_automation - INFO - 执行内容包含断言: 期望包含 '{"success": false, "message": "缺少用户名或Token"}'
2025-09-10 16:24:28,571 - api_automation - INFO - 断言成功: 响应内容包含标准化后的 '{"success":false,"message":"缺少用户名或Token"}'
2025-09-10 16:24:28,572 - api_automation - INFO - 测试用例执行完成: 2 - 地址列表查询
2025-09-10 16:24:28,578 - api_automation - INFO - 开始执行测试用例: 3 - 地址列表查询
2025-09-10 16:24:28,578 - api_automation - INFO - 发送 POST 请求到 /api/address/list
2025-09-10 16:24:28,579 - api_automation - INFO - ==================================================
2025-09-10 16:24:28,579 - api_automation - INFO - 开始发送HTTP请求
2025-09-10 16:24:28,579 - api_automation - INFO - 请求方法: POST
2025-09-10 16:24:28,580 - api_automation - INFO - 请求URL: http://5912.org:6666/api/address/list
2025-09-10 16:24:28,580 - api_automation - INFO - 请求头: {
  "Content-Type": "application/json"
}
2025-09-10 16:24:28,580 - api_automation - INFO - JSON数据: {
  "username": "test",
  "token": "7bdb5933aeae425aa148e950e6db569a"
}
2025-09-10 16:24:28,580 - api_automation - INFO - 超时时间: 30秒
2025-09-10 16:24:28,580 - api_automation - INFO - ------------------------------
2025-09-10 16:24:28,609 - api_automation - INFO - 收到HTTP响应
2025-09-10 16:24:28,610 - api_automation - INFO - 响应状态码: 401
2025-09-10 16:24:28,610 - api_automation - INFO - 响应头: {
  "Server": "Werkzeug/3.1.3 Python/3.9.2",
  "Date": "Wed, 10 Sep 2025 08:24:28 GMT",
  "Content-Type": "text/html; charset=utf-8",
  "Content-Length": "50",
  "Access-Control-Allow-Origin": "*",
  "Connection": "close"
}
2025-09-10 16:24:28,610 - api_automation - INFO - 响应体: {"success": false, "message": "Token验证失败"}
2025-09-10 16:24:28,610 - api_automation - INFO - 响应时间: 0.017841秒
2025-09-10 16:24:28,610 - api_automation - INFO - ==================================================
2025-09-10 16:24:28,612 - api_automation - INFO - 执行状态码断言: 期望 401
2025-09-10 16:24:28,612 - api_automation - ERROR - 请求发送失败，未收到有效响应，无法执行状态码断言
2025-09-10 16:24:28,612 - api_automation - INFO - 执行内容包含断言: 期望包含 '{"success": false, "message": "Token验证失败"}'
2025-09-10 16:24:28,612 - api_automation - INFO - 断言成功: 响应内容包含标准化后的 '{"success":false,"message":"Token验证失败"}'
2025-09-10 16:24:28,613 - api_automation - INFO - 测试用例执行完成: 3 - 地址列表查询
2025-09-10 16:24:28,638 - api_automation - INFO - 开始执行测试用例: 1 - 登录
2025-09-10 16:24:28,639 - api_automation - INFO - 发送 POST 请求到 /api/login
2025-09-10 16:24:28,640 - api_automation - INFO - ==================================================
2025-09-10 16:24:28,640 - api_automation - INFO - 开始发送HTTP请求
2025-09-10 16:24:28,641 - api_automation - INFO - 请求方法: POST
2025-09-10 16:24:28,641 - api_automation - INFO - 请求URL: http://5912.org:6666/api/login
2025-09-10 16:24:28,641 - api_automation - INFO - 请求头: {
  "Content-Type": "application/json"
}
2025-09-10 16:24:28,641 - api_automation - INFO - JSON数据: {
  "username": "main",
  "password": "123456"
}
2025-09-10 16:24:28,641 - api_automation - INFO - 超时时间: 30秒
2025-09-10 16:24:28,641 - api_automation - INFO - ------------------------------
2025-09-10 16:24:28,686 - api_automation - INFO - 收到HTTP响应
2025-09-10 16:24:28,686 - api_automation - INFO - 响应状态码: 200
2025-09-10 16:24:28,687 - api_automation - INFO - 响应头: {
  "Server": "Werkzeug/3.1.3 Python/3.9.2",
  "Date": "Wed, 10 Sep 2025 08:24:28 GMT",
  "Content-Type": "text/html; charset=utf-8",
  "Content-Length": "89",
  "Access-Control-Allow-Origin": "*",
  "Connection": "close"
}
2025-09-10 16:24:28,688 - api_automation - INFO - 响应体: {"success": true, "message": "登录成功", "token": "7bdb5933aeae425aa148e950e6db569a"}
2025-09-10 16:24:28,688 - api_automation - INFO - 响应时间: 0.032495秒
2025-09-10 16:24:28,689 - api_automation - INFO - ==================================================
2025-09-10 16:24:28,689 - api_automation - INFO - 执行状态码断言: 期望 200
2025-09-10 16:24:28,690 - api_automation - INFO - 断言成功: 状态码 200 == 200
2025-09-10 16:24:28,690 - api_automation - INFO - 开始提取变量（简化格式）: 键=token=token
2025-09-10 16:24:28,691 - api_automation - INFO - JSON路径提取成功: token -> 7bdb5933aeae425aa148e950e6db569a
2025-09-10 16:24:28,691 - api_automation - INFO - 设置变量: token = 7bdb5933aeae425aa148e950e6db569a
2025-09-10 16:24:28,692 - api_automation - INFO - 变量提取成功: token = 7bdb5933aeae425aa148e950e6db569a
2025-09-10 16:24:28,695 - api_automation - INFO - 测试用例执行完成: 1 - 登录
2025-09-10 16:24:28,708 - api_automation - INFO - 开始执行测试用例: 2 - 地址列表验证
2025-09-10 16:24:28,708 - api_automation - INFO - 发送 POST 请求到 /api/address/list
2025-09-10 16:24:28,709 - api_automation - INFO - ==================================================
2025-09-10 16:24:28,709 - api_automation - INFO - 开始发送HTTP请求
2025-09-10 16:24:28,709 - api_automation - INFO - 请求方法: POST
2025-09-10 16:24:28,710 - api_automation - INFO - 请求URL: http://5912.org:6666/api/address/list
2025-09-10 16:24:28,710 - api_automation - INFO - 请求头: {
  "Content-Type": "application/json"
}
2025-09-10 16:24:28,710 - api_automation - INFO - JSON数据: {
  "username": "main",
  "token": "7bdb5933aeae425aa148e950e6db569a"
}
2025-09-10 16:24:28,710 - api_automation - INFO - 超时时间: 30秒
2025-09-10 16:24:28,710 - api_automation - INFO - ------------------------------
2025-09-10 16:24:28,743 - api_automation - INFO - 收到HTTP响应
2025-09-10 16:24:28,744 - api_automation - INFO - 响应状态码: 200
2025-09-10 16:24:28,744 - api_automation - INFO - 响应头: {
  "Server": "Werkzeug/3.1.3 Python/3.9.2",
  "Date": "Wed, 10 Sep 2025 08:24:28 GMT",
  "Content-Type": "text/html; charset=utf-8",
  "Content-Length": "305",
  "Access-Control-Allow-Origin": "*",
  "Connection": "close"
}
2025-09-10 16:24:28,744 - api_automation - INFO - 响应体: {"success": true, "message": "查询成功", "data": [{"id": 3, "name": "张三", "phone": "13800138000", "province": "北京市", "city": "北京市", "district": "朝阳区", "detail": "某某街道123号", "is_default": false, "created_at": "2025-08-20 09:06:27", "updated_at": "2025-08-20 09:06:27"}]}
2025-09-10 16:24:28,744 - api_automation - INFO - 响应时间: 0.026163秒
2025-09-10 16:24:28,744 - api_automation - INFO - ==================================================
2025-09-10 16:24:28,745 - api_automation - INFO - 执行状态码断言: 期望 200
2025-09-10 16:24:28,745 - api_automation - INFO - 断言成功: 状态码 200 == 200
2025-09-10 16:24:28,745 - api_automation - INFO - 执行内容包含断言: 期望包含 '{"success": true, "message": "查询成功", "data": [{"id": 3, "name": "张三", "phone": "13800138000", "province": "北京市", "city": "北京市", "district": "朝阳区", "detail": "某某街道123号", "is_default": false, "created_at": "2025-08-20 09:06:27", "updated_at": "2025-08-20 09:06:27"}]}'
2025-09-10 16:24:28,745 - api_automation - INFO - 断言成功: 响应内容包含标准化后的 '{"success":true,"message":"查询成功","data":[{"id":3,"name":"张三","phone":"13800138000","province":"北京市","city":"北京市","district":"朝阳区","detail":"某某街道123号","is_default":false,"created_at":"2025-08-20 09:06:27","updated_at":"2025-08-20 09:06:27"}]}'
2025-09-10 16:24:28,746 - api_automation - INFO - 测试用例执行完成: 2 - 地址列表验证
2025-09-10 16:24:28,756 - api_automation - INFO - 开始执行测试用例: 3 - 地址列表传参缺失验证
2025-09-10 16:24:28,756 - api_automation - INFO - 发送 POST 请求到 /api/address/list
2025-09-10 16:24:28,757 - api_automation - INFO - ==================================================
2025-09-10 16:24:28,758 - api_automation - INFO - 开始发送HTTP请求
2025-09-10 16:24:28,758 - api_automation - INFO - 请求方法: POST
2025-09-10 16:24:28,758 - api_automation - INFO - 请求URL: http://5912.org:6666/api/address/list
2025-09-10 16:24:28,758 - api_automation - INFO - 请求头: {
  "Content-Type": "application/json"
}
2025-09-10 16:24:28,758 - api_automation - INFO - JSON数据: {
  "username": "main"
}
2025-09-10 16:24:28,758 - api_automation - INFO - 超时时间: 30秒
2025-09-10 16:24:28,758 - api_automation - INFO - ------------------------------
2025-09-10 16:24:28,783 - api_automation - INFO - 收到HTTP响应
2025-09-10 16:24:28,783 - api_automation - INFO - 响应状态码: 401
2025-09-10 16:24:28,784 - api_automation - INFO - 响应头: {
  "Server": "Werkzeug/3.1.3 Python/3.9.2",
  "Date": "Wed, 10 Sep 2025 08:24:29 GMT",
  "Content-Type": "text/html; charset=utf-8",
  "Content-Length": "56",
  "Access-Control-Allow-Origin": "*",
  "Connection": "close"
}
2025-09-10 16:24:28,784 - api_automation - INFO - 响应体: {"success": false, "message": "缺少用户名或Token"}
2025-09-10 16:24:28,785 - api_automation - INFO - 响应时间: 0.018748秒
2025-09-10 16:24:28,785 - api_automation - INFO - ==================================================
2025-09-10 16:24:28,786 - api_automation - INFO - 执行状态码断言: 期望 401
2025-09-10 16:24:28,787 - api_automation - ERROR - 请求发送失败，未收到有效响应，无法执行状态码断言
2025-09-10 16:24:28,787 - api_automation - INFO - 执行内容包含断言: 期望包含 '{"success": false, "message": "缺少用户名或Token"}'
2025-09-10 16:24:28,788 - api_automation - INFO - 断言成功: 响应内容包含标准化后的 '{"success":false,"message":"缺少用户名或Token"}'
2025-09-10 16:24:28,792 - api_automation - INFO - 测试用例执行完成: 3 - 地址列表传参缺失验证
2025-09-10 16:24:28,811 - api_automation - INFO - 开始执行测试用例: 4 - 查询地址列表登录失败验证
2025-09-10 16:24:28,811 - api_automation - INFO - 发送 POST 请求到 /api/address/list
2025-09-10 16:24:28,812 - api_automation - INFO - ==================================================
2025-09-10 16:24:28,813 - api_automation - INFO - 开始发送HTTP请求
2025-09-10 16:24:28,813 - api_automation - INFO - 请求方法: POST
2025-09-10 16:24:28,813 - api_automation - INFO - 请求URL: http://5912.org:6666/api/address/list
2025-09-10 16:24:28,813 - api_automation - INFO - 请求头: {
  "Content-Type": "application/json"
}
2025-09-10 16:24:28,813 - api_automation - INFO - JSON数据: {
  "username": "test",
  "token": "7bdb5933aeae425aa148e950e6db569a"
}
2025-09-10 16:24:28,813 - api_automation - INFO - 超时时间: 30秒
2025-09-10 16:24:28,814 - api_automation - INFO - ------------------------------
2025-09-10 16:24:28,841 - api_automation - INFO - 收到HTTP响应
2025-09-10 16:24:28,841 - api_automation - INFO - 响应状态码: 401
2025-09-10 16:24:28,841 - api_automation - INFO - 响应头: {
  "Server": "Werkzeug/3.1.3 Python/3.9.2",
  "Date": "Wed, 10 Sep 2025 08:24:29 GMT",
  "Content-Type": "text/html; charset=utf-8",
  "Content-Length": "50",
  "Access-Control-Allow-Origin": "*",
  "Connection": "close"
}
2025-09-10 16:24:28,841 - api_automation - INFO - 响应体: {"success": false, "message": "Token验证失败"}
2025-09-10 16:24:28,842 - api_automation - INFO - 响应时间: 0.019414秒
2025-09-10 16:24:28,842 - api_automation - INFO - ==================================================
2025-09-10 16:24:28,842 - api_automation - INFO - 执行状态码断言: 期望 401
2025-09-10 16:24:28,842 - api_automation - ERROR - 请求发送失败，未收到有效响应，无法执行状态码断言
2025-09-10 16:24:28,842 - api_automation - INFO - 执行内容包含断言: 期望包含 '{"success": false, "message": "Token验证失败"}'
2025-09-10 16:24:28,843 - api_automation - INFO - 断言成功: 响应内容包含标准化后的 '{"success":false,"message":"Token验证失败"}'
2025-09-10 16:24:28,844 - api_automation - INFO - 测试用例执行完成: 4 - 查询地址列表登录失败验证
2025-09-10 16:24:28,852 - api_automation - INFO - 开始执行测试用例: 1 - 地址列表验证
2025-09-10 16:24:28,853 - api_automation - INFO - 发送 POST 请求到 /api/address/list
2025-09-10 16:24:28,855 - api_automation - INFO - ==================================================
2025-09-10 16:24:28,855 - api_automation - INFO - 开始发送HTTP请求
2025-09-10 16:24:28,855 - api_automation - INFO - 请求方法: POST
2025-09-10 16:24:28,856 - api_automation - INFO - 请求URL: http://5912.org:6666/api/address/list
2025-09-10 16:24:28,856 - api_automation - INFO - 请求头: {
  "Content-Type": "application/json"
}
2025-09-10 16:24:28,856 - api_automation - INFO - JSON数据: {
  "username": "main",
  "token": "7bdb5933aeae425aa148e950e6db569a"
}
2025-09-10 16:24:28,856 - api_automation - INFO - 超时时间: 30秒
2025-09-10 16:24:28,856 - api_automation - INFO - ------------------------------
2025-09-10 16:24:28,882 - api_automation - INFO - 收到HTTP响应
2025-09-10 16:24:28,882 - api_automation - INFO - 响应状态码: 200
2025-09-10 16:24:28,883 - api_automation - INFO - 响应头: {
  "Server": "Werkzeug/3.1.3 Python/3.9.2",
  "Date": "Wed, 10 Sep 2025 08:24:29 GMT",
  "Content-Type": "text/html; charset=utf-8",
  "Content-Length": "305",
  "Access-Control-Allow-Origin": "*",
  "Connection": "close"
}
2025-09-10 16:24:28,883 - api_automation - INFO - 响应体: {"success": true, "message": "查询成功", "data": [{"id": 3, "name": "张三", "phone": "13800138000", "province": "北京市", "city": "北京市", "district": "朝阳区", "detail": "某某街道123号", "is_default": false, "created_at": "2025-08-20 09:06:27", "updated_at": "2025-08-20 09:06:27"}]}
2025-09-10 16:24:28,883 - api_automation - INFO - 响应时间: 0.019907秒
2025-09-10 16:24:28,883 - api_automation - INFO - ==================================================
2025-09-10 16:24:28,883 - api_automation - INFO - 执行状态码断言: 期望 200
2025-09-10 16:24:28,884 - api_automation - INFO - 断言成功: 状态码 200 == 200
2025-09-10 16:24:28,884 - api_automation - INFO - 执行内容包含断言: 期望包含 '{"success": true, "message": "查询成功", "data": [{"id": 3, "name": "张三", "phone": "13800138000", "province": "北京市", "city": "北京市", "district": "朝阳区", "detail": "某某街道123号", "is_default": false, "created_at": "2025-08-20 09:06:27", "updated_at": "2025-08-20 09:06:27"}]}'
2025-09-10 16:24:28,884 - api_automation - INFO - 断言成功: 响应内容包含标准化后的 '{"success":true,"message":"查询成功","data":[{"id":3,"name":"张三","phone":"13800138000","province":"北京市","city":"北京市","district":"朝阳区","detail":"某某街道123号","is_default":false,"created_at":"2025-08-20 09:06:27","updated_at":"2025-08-20 09:06:27"}]}'
2025-09-10 16:24:28,886 - api_automation - INFO - 测试用例执行完成: 1 - 地址列表验证
2025-09-10 16:24:28,900 - api_automation - INFO - 开始执行测试用例: 2 - 地址列表传参缺失验证
2025-09-10 16:24:28,900 - api_automation - INFO - 发送 POST 请求到 /api/address/list
2025-09-10 16:24:28,902 - api_automation - INFO - ==================================================
2025-09-10 16:24:28,902 - api_automation - INFO - 开始发送HTTP请求
2025-09-10 16:24:28,902 - api_automation - INFO - 请求方法: POST
2025-09-10 16:24:28,902 - api_automation - INFO - 请求URL: http://5912.org:6666/api/address/list
2025-09-10 16:24:28,902 - api_automation - INFO - 请求头: {
  "Content-Type": "application/json"
}
2025-09-10 16:24:28,903 - api_automation - INFO - JSON数据: {
  "username": "main"
}
2025-09-10 16:24:28,903 - api_automation - INFO - 超时时间: 30秒
2025-09-10 16:24:28,903 - api_automation - INFO - ------------------------------
2025-09-10 16:24:28,929 - api_automation - INFO - 收到HTTP响应
2025-09-10 16:24:28,930 - api_automation - INFO - 响应状态码: 401
2025-09-10 16:24:28,930 - api_automation - INFO - 响应头: {
  "Server": "Werkzeug/3.1.3 Python/3.9.2",
  "Date": "Wed, 10 Sep 2025 08:24:29 GMT",
  "Content-Type": "text/html; charset=utf-8",
  "Content-Length": "56",
  "Access-Control-Allow-Origin": "*",
  "Connection": "close"
}
2025-09-10 16:24:28,930 - api_automation - INFO - 响应体: {"success": false, "message": "缺少用户名或Token"}
2025-09-10 16:24:28,931 - api_automation - INFO - 响应时间: 0.019315秒
2025-09-10 16:24:28,931 - api_automation - INFO - ==================================================
2025-09-10 16:24:28,931 - api_automation - INFO - 执行状态码断言: 期望 401
2025-09-10 16:24:28,931 - api_automation - ERROR - 请求发送失败，未收到有效响应，无法执行状态码断言
2025-09-10 16:24:28,931 - api_automation - INFO - 执行内容包含断言: 期望包含 '{"success": false, "message": "缺少用户名或Token"}'
2025-09-10 16:24:28,931 - api_automation - INFO - 断言成功: 响应内容包含标准化后的 '{"success":false,"message":"缺少用户名或Token"}'
2025-09-10 16:24:28,932 - api_automation - INFO - 测试用例执行完成: 2 - 地址列表传参缺失验证
2025-09-10 16:24:28,942 - api_automation - INFO - 开始执行测试用例: 3 - 查询地址列表登录失败验证
2025-09-10 16:24:28,942 - api_automation - INFO - 发送 POST 请求到 /api/address/list
2025-09-10 16:24:28,943 - api_automation - INFO - ==================================================
2025-09-10 16:24:28,944 - api_automation - INFO - 开始发送HTTP请求
2025-09-10 16:24:28,944 - api_automation - INFO - 请求方法: POST
2025-09-10 16:24:28,944 - api_automation - INFO - 请求URL: http://5912.org:6666/api/address/list
2025-09-10 16:24:28,944 - api_automation - INFO - 请求头: {
  "Content-Type": "application/json"
}
2025-09-10 16:24:28,944 - api_automation - INFO - JSON数据: {
  "username": "test",
  "token": "7bdb5933aeae425aa148e950e6db569a"
}
2025-09-10 16:24:28,945 - api_automation - INFO - 超时时间: 30秒
2025-09-10 16:24:28,945 - api_automation - INFO - ------------------------------
2025-09-10 16:24:28,972 - api_automation - INFO - 收到HTTP响应
2025-09-10 16:24:28,972 - api_automation - INFO - 响应状态码: 401
2025-09-10 16:24:28,973 - api_automation - INFO - 响应头: {
  "Server": "Werkzeug/3.1.3 Python/3.9.2",
  "Date": "Wed, 10 Sep 2025 08:24:29 GMT",
  "Content-Type": "text/html; charset=utf-8",
  "Content-Length": "50",
  "Access-Control-Allow-Origin": "*",
  "Connection": "close"
}
2025-09-10 16:24:28,973 - api_automation - INFO - 响应体: {"success": false, "message": "Token验证失败"}
2025-09-10 16:24:28,973 - api_automation - INFO - 响应时间: 0.019171秒
2025-09-10 16:24:28,974 - api_automation - INFO - ==================================================
2025-09-10 16:24:28,974 - api_automation - INFO - 执行状态码断言: 期望 200
2025-09-10 16:24:28,974 - api_automation - ERROR - 请求发送失败，未收到有效响应，无法执行状态码断言
2025-09-10 16:24:28,974 - api_automation - INFO - 执行内容包含断言: 期望包含 '{"success": false, "message": "Token验证失败111"}'
2025-09-10 16:24:28,974 - api_automation - ERROR - 内容包含断言失败: 标准化后的期望内容 '{"success":false,"message":"Token验证失败111"}' 未找到. 
2025-09-10 16:24:28,975 - api_automation - ERROR - 内容断言失败: 标准化后的期望内容 '{"success":false,"message":"Token验证失败111"}' 未找到. 
2025-09-10 16:24:29,346 - api_automation - INFO - 测试执行完成
2025-09-10 16:24:29,347 - api_automation - INFO - 测试执行完成，退出码: 1
2025-09-10 16:25:38,127 - api_automation - INFO - 解析命令行参数完成
2025-09-10 16:25:38,127 - api_automation - INFO - 参数详情: serve_report=True, generate_report=False, type=None, file=None
2025-09-10 16:25:38,127 - api_automation - INFO - 开始执行API自动化测试
2025-09-10 16:25:38,127 - api_automation - INFO - 测试路径: None
2025-09-10 16:25:38,127 - api_automation - INFO - 测试类型: None
2025-09-10 16:25:38,128 - api_automation - INFO - 运行所有测试用例
2025-09-10 16:25:38,128 - api_automation - INFO - 执行命令: pytest testcases/ -v --alluredir=./reports/allure_reports --clean-alluredir
2025-09-10 16:25:40,342 - api_automation - INFO - 查找所有测试文件，找到 4 个文件
2025-09-10 16:25:40,343 - api_automation - INFO - 读取测试文件: /Users/sunwenlong/PythonEducationalProject/ifrit/data/excel_data/test_case_addr_01.xls
2025-09-10 16:25:40,343 - api_automation - INFO - 开始读取测试用例文件: /Users/sunwenlong/PythonEducationalProject/ifrit/data/excel_data/test_case_addr_01.xls
2025-09-10 16:25:40,344 - api_automation - INFO - 文件是否存在: True
2025-09-10 16:25:40,344 - api_automation - INFO - 检测到.xls文件，使用xlrd引擎读取
2025-09-10 16:25:40,369 - api_automation - INFO - 成功读取文件，数据行数: 4
2025-09-10 16:25:40,406 - api_automation - INFO - 从 /Users/sunwenlong/PythonEducationalProject/ifrit/data/excel_data/test_case_addr_01.xls 成功读取 4 条测试用例
2025-09-10 16:25:40,407 - api_automation - INFO - 从 /Users/sunwenlong/PythonEducationalProject/ifrit/data/excel_data/test_case_addr_01.xls 加载了 4 条测试用例
2025-09-10 16:25:40,407 - api_automation - INFO - 读取测试文件: /Users/sunwenlong/PythonEducationalProject/ifrit/data/excel_data/test_case_addr_02.xls
2025-09-10 16:25:40,408 - api_automation - INFO - 开始读取测试用例文件: /Users/sunwenlong/PythonEducationalProject/ifrit/data/excel_data/test_case_addr_02.xls
2025-09-10 16:25:40,408 - api_automation - INFO - 文件是否存在: True
2025-09-10 16:25:40,408 - api_automation - INFO - 检测到.xls文件，使用xlrd引擎读取
2025-09-10 16:25:40,415 - api_automation - INFO - 成功读取文件，数据行数: 3
2025-09-10 16:25:40,430 - api_automation - INFO - 从 /Users/sunwenlong/PythonEducationalProject/ifrit/data/excel_data/test_case_addr_02.xls 成功读取 3 条测试用例
2025-09-10 16:25:40,430 - api_automation - INFO - 从 /Users/sunwenlong/PythonEducationalProject/ifrit/data/excel_data/test_case_addr_02.xls 加载了 3 条测试用例
2025-09-10 16:25:40,430 - api_automation - INFO - 读取测试文件: /Users/sunwenlong/PythonEducationalProject/ifrit/data/csv_data/test_case_addr_01.csv
2025-09-10 16:25:40,431 - api_automation - INFO - 开始读取测试用例文件: /Users/sunwenlong/PythonEducationalProject/ifrit/data/csv_data/test_case_addr_01.csv
2025-09-10 16:25:40,431 - api_automation - INFO - 文件是否存在: True
2025-09-10 16:25:40,431 - api_automation - INFO - 检测到.csv文件，使用CSV方式读取
2025-09-10 16:25:40,436 - api_automation - INFO - 成功读取文件，数据行数: 4
2025-09-10 16:25:40,448 - api_automation - INFO - 从 /Users/sunwenlong/PythonEducationalProject/ifrit/data/csv_data/test_case_addr_01.csv 成功读取 4 条测试用例
2025-09-10 16:25:40,449 - api_automation - INFO - 从 /Users/sunwenlong/PythonEducationalProject/ifrit/data/csv_data/test_case_addr_01.csv 加载了 4 条测试用例
2025-09-10 16:25:40,449 - api_automation - INFO - 读取测试文件: /Users/sunwenlong/PythonEducationalProject/ifrit/data/csv_data/test_case_addr_02.csv
2025-09-10 16:25:40,450 - api_automation - INFO - 开始读取测试用例文件: /Users/sunwenlong/PythonEducationalProject/ifrit/data/csv_data/test_case_addr_02.csv
2025-09-10 16:25:40,450 - api_automation - INFO - 文件是否存在: True
2025-09-10 16:25:40,450 - api_automation - INFO - 检测到.csv文件，使用CSV方式读取
2025-09-10 16:25:40,452 - api_automation - INFO - 成功读取文件，数据行数: 3
2025-09-10 16:25:40,465 - api_automation - INFO - 从 /Users/sunwenlong/PythonEducationalProject/ifrit/data/csv_data/test_case_addr_02.csv 成功读取 3 条测试用例
2025-09-10 16:25:40,466 - api_automation - INFO - 从 /Users/sunwenlong/PythonEducationalProject/ifrit/data/csv_data/test_case_addr_02.csv 加载了 3 条测试用例
2025-09-10 16:25:40,466 - api_automation - INFO - 总共加载了 14 条测试用例
2025-09-10 16:25:40,471 - api_automation - INFO - 查找所有测试文件，找到 3 个文件
2025-09-10 16:25:40,476 - api_automation - INFO - 查找所有测试文件，找到 3 个文件
2025-09-10 16:25:40,565 - api_automation - INFO - 开始执行测试用例: 1 - 登录
2025-09-10 16:25:40,566 - api_automation - INFO - 发送 POST 请求到 /api/login
2025-09-10 16:25:40,567 - api_automation - INFO - ==================================================
2025-09-10 16:25:40,567 - api_automation - INFO - 开始发送HTTP请求
2025-09-10 16:25:40,567 - api_automation - INFO - 请求方法: POST
2025-09-10 16:25:40,567 - api_automation - INFO - 请求URL: http://5912.org:6666/api/login
2025-09-10 16:25:40,567 - api_automation - INFO - 请求头: {
  "Content-Type": "application/json"
}
2025-09-10 16:25:40,567 - api_automation - INFO - JSON数据: {
  "username": "main",
  "password": "123456"
}
2025-09-10 16:25:40,568 - api_automation - INFO - 超时时间: 30秒
2025-09-10 16:25:40,568 - api_automation - INFO - ------------------------------
2025-09-10 16:25:40,648 - api_automation - INFO - 收到HTTP响应
2025-09-10 16:25:40,648 - api_automation - INFO - 响应状态码: 200
2025-09-10 16:25:40,648 - api_automation - INFO - 响应头: {
  "Server": "Werkzeug/3.1.3 Python/3.9.2",
  "Date": "Wed, 10 Sep 2025 08:25:40 GMT",
  "Content-Type": "text/html; charset=utf-8",
  "Content-Length": "89",
  "Access-Control-Allow-Origin": "*",
  "Connection": "close"
}
2025-09-10 16:25:40,648 - api_automation - INFO - 响应体: {"success": true, "message": "登录成功", "token": "7bdb5933aeae425aa148e950e6db569a"}
2025-09-10 16:25:40,649 - api_automation - INFO - 响应时间: 0.065086秒
2025-09-10 16:25:40,649 - api_automation - INFO - ==================================================
2025-09-10 16:25:40,649 - api_automation - INFO - 执行状态码断言: 期望 200
2025-09-10 16:25:40,649 - api_automation - INFO - 断言成功: 状态码 200 == 200
2025-09-10 16:25:40,650 - api_automation - INFO - 开始提取变量（简化格式）: 键=token=json.token
2025-09-10 16:25:40,650 - api_automation - INFO - JSON路径提取成功: token -> 7bdb5933aeae425aa148e950e6db569a
2025-09-10 16:25:40,651 - api_automation - INFO - 设置变量: token = 7bdb5933aeae425aa148e950e6db569a
2025-09-10 16:25:40,651 - api_automation - INFO - 变量提取成功: token = 7bdb5933aeae425aa148e950e6db569a
2025-09-10 16:25:40,652 - api_automation - INFO - 测试用例执行完成: 1 - 登录
2025-09-10 16:25:40,666 - api_automation - INFO - 开始执行测试用例: 2 - 地址列表查询
2025-09-10 16:25:40,667 - api_automation - INFO - 发送 POST 请求到 /api/address/list
2025-09-10 16:25:40,668 - api_automation - INFO - ==================================================
2025-09-10 16:25:40,668 - api_automation - INFO - 开始发送HTTP请求
2025-09-10 16:25:40,668 - api_automation - INFO - 请求方法: POST
2025-09-10 16:25:40,669 - api_automation - INFO - 请求URL: http://5912.org:6666/api/address/list
2025-09-10 16:25:40,669 - api_automation - INFO - 请求头: {
  "Content-Type": "application/json"
}
2025-09-10 16:25:40,669 - api_automation - INFO - JSON数据: {
  "username": "main",
  "token": "7bdb5933aeae425aa148e950e6db569a"
}
2025-09-10 16:25:40,669 - api_automation - INFO - 超时时间: 30秒
2025-09-10 16:25:40,669 - api_automation - INFO - ------------------------------
2025-09-10 16:25:40,701 - api_automation - INFO - 收到HTTP响应
2025-09-10 16:25:40,701 - api_automation - INFO - 响应状态码: 200
2025-09-10 16:25:40,702 - api_automation - INFO - 响应头: {
  "Server": "Werkzeug/3.1.3 Python/3.9.2",
  "Date": "Wed, 10 Sep 2025 08:25:40 GMT",
  "Content-Type": "text/html; charset=utf-8",
  "Content-Length": "305",
  "Access-Control-Allow-Origin": "*",
  "Connection": "close"
}
2025-09-10 16:25:40,702 - api_automation - INFO - 响应体: {"success": true, "message": "查询成功", "data": [{"id": 3, "name": "张三", "phone": "13800138000", "province": "北京市", "city": "北京市", "district": "朝阳区", "detail": "某某街道123号", "is_default": false, "created_at": "2025-08-20 09:06:27", "updated_at": "2025-08-20 09:06:27"}]}
2025-09-10 16:25:40,702 - api_automation - INFO - 响应时间: 0.025663秒
2025-09-10 16:25:40,702 - api_automation - INFO - ==================================================
2025-09-10 16:25:40,702 - api_automation - INFO - 执行状态码断言: 期望 200
2025-09-10 16:25:40,703 - api_automation - INFO - 断言成功: 状态码 200 == 200
2025-09-10 16:25:40,703 - api_automation - INFO - 执行内容包含断言: 期望包含 '{"success": true, "message": "查询成功", "data": [{"id": 3, "name": "张三", "phone": "13800138000", "province": "北京市", "city":
"北京市", "district": "朝阳区", "detail": "某某街道123号", "is_default": false, "created_at": "2025-08-20 09:06:27", "updated_at":
"2025-08-20 09:06:27"}]}'
2025-09-10 16:25:40,703 - api_automation - INFO - 断言成功: 响应内容包含标准化后的 '{"success":true,"message":"查询成功","data":[{"id":3,"name":"张三","phone":"13800138000","province":"北京市","city":"北京市","district":"朝阳区","detail":"某某街道123号","is_default":false,"created_at":"2025-08-20 09:06:27","updated_at":"2025-08-20 09:06:27"}]}'
2025-09-10 16:25:40,704 - api_automation - INFO - 测试用例执行完成: 2 - 地址列表查询
2025-09-10 16:25:40,718 - api_automation - INFO - 开始执行测试用例: 3 - 地址列表查询
2025-09-10 16:25:40,718 - api_automation - INFO - 发送 POST 请求到 /api/address/list
2025-09-10 16:25:40,720 - api_automation - INFO - ==================================================
2025-09-10 16:25:40,720 - api_automation - INFO - 开始发送HTTP请求
2025-09-10 16:25:40,721 - api_automation - INFO - 请求方法: POST
2025-09-10 16:25:40,721 - api_automation - INFO - 请求URL: http://5912.org:6666/api/address/list
2025-09-10 16:25:40,721 - api_automation - INFO - 请求头: {
  "Content-Type": "application/json"
}
2025-09-10 16:25:40,722 - api_automation - INFO - JSON数据: {
  "username": "main"
}
2025-09-10 16:25:40,722 - api_automation - INFO - 超时时间: 30秒
2025-09-10 16:25:40,722 - api_automation - INFO - ------------------------------
2025-09-10 16:25:40,755 - api_automation - INFO - 收到HTTP响应
2025-09-10 16:25:40,756 - api_automation - INFO - 响应状态码: 401
2025-09-10 16:25:40,756 - api_automation - INFO - 响应头: {
  "Server": "Werkzeug/3.1.3 Python/3.9.2",
  "Date": "Wed, 10 Sep 2025 08:25:41 GMT",
  "Content-Type": "text/html; charset=utf-8",
  "Content-Length": "56",
  "Access-Control-Allow-Origin": "*",
  "Connection": "close"
}
2025-09-10 16:25:40,756 - api_automation - INFO - 响应体: {"success": false, "message": "缺少用户名或Token"}
2025-09-10 16:25:40,756 - api_automation - INFO - 响应时间: 0.026547秒
2025-09-10 16:25:40,756 - api_automation - INFO - ==================================================
2025-09-10 16:25:40,757 - api_automation - INFO - 执行状态码断言: 期望 401
2025-09-10 16:25:40,757 - api_automation - ERROR - 请求发送失败，未收到有效响应，无法执行状态码断言
2025-09-10 16:25:40,757 - api_automation - INFO - 执行内容包含断言: 期望包含 '{"success": false, "message": "缺少用户名或Token"}'
2025-09-10 16:25:40,757 - api_automation - INFO - 断言成功: 响应内容包含标准化后的 '{"success":false,"message":"缺少用户名或Token"}'
2025-09-10 16:25:40,758 - api_automation - INFO - 测试用例执行完成: 3 - 地址列表查询
2025-09-10 16:25:40,766 - api_automation - INFO - 开始执行测试用例: 4 - 地址列表查询
2025-09-10 16:25:40,767 - api_automation - INFO - 发送 POST 请求到 /api/address/list
2025-09-10 16:25:40,769 - api_automation - INFO - ==================================================
2025-09-10 16:25:40,769 - api_automation - INFO - 开始发送HTTP请求
2025-09-10 16:25:40,769 - api_automation - INFO - 请求方法: POST
2025-09-10 16:25:40,769 - api_automation - INFO - 请求URL: http://5912.org:6666/api/address/list
2025-09-10 16:25:40,769 - api_automation - INFO - 请求头: {
  "Content-Type": "application/json"
}
2025-09-10 16:25:40,770 - api_automation - INFO - JSON数据: {
  "username": "test",
  "token": "7bdb5933aeae425aa148e950e6db569a"
}
2025-09-10 16:25:40,770 - api_automation - INFO - 超时时间: 30秒
2025-09-10 16:25:40,770 - api_automation - INFO - ------------------------------
2025-09-10 16:25:40,808 - api_automation - INFO - 收到HTTP响应
2025-09-10 16:25:40,808 - api_automation - INFO - 响应状态码: 401
2025-09-10 16:25:40,808 - api_automation - INFO - 响应头: {
  "Server": "Werkzeug/3.1.3 Python/3.9.2",
  "Date": "Wed, 10 Sep 2025 08:25:41 GMT",
  "Content-Type": "text/html; charset=utf-8",
  "Content-Length": "50",
  "Access-Control-Allow-Origin": "*",
  "Connection": "close"
}
2025-09-10 16:25:40,809 - api_automation - INFO - 响应体: {"success": false, "message": "Token验证失败"}
2025-09-10 16:25:40,809 - api_automation - INFO - 响应时间: 0.025449秒
2025-09-10 16:25:40,809 - api_automation - INFO - ==================================================
2025-09-10 16:25:40,809 - api_automation - INFO - 执行状态码断言: 期望 401
2025-09-10 16:25:40,810 - api_automation - ERROR - 请求发送失败，未收到有效响应，无法执行状态码断言
2025-09-10 16:25:40,810 - api_automation - INFO - 执行内容包含断言: 期望包含 '{"success": false, "message": "Token验证失败"}'
2025-09-10 16:25:40,810 - api_automation - INFO - 断言成功: 响应内容包含标准化后的 '{"success":false,"message":"Token验证失败"}'
2025-09-10 16:25:40,810 - api_automation - INFO - 测试用例执行完成: 4 - 地址列表查询
2025-09-10 16:25:40,819 - api_automation - INFO - 开始执行测试用例: 1 - 地址列表查询
2025-09-10 16:25:40,820 - api_automation - INFO - 发送 POST 请求到 /api/address/list
2025-09-10 16:25:40,821 - api_automation - INFO - ==================================================
2025-09-10 16:25:40,821 - api_automation - INFO - 开始发送HTTP请求
2025-09-10 16:25:40,821 - api_automation - INFO - 请求方法: POST
2025-09-10 16:25:40,821 - api_automation - INFO - 请求URL: http://5912.org:6666/api/address/list
2025-09-10 16:25:40,821 - api_automation - INFO - 请求头: {
  "Content-Type": "application/json"
}
2025-09-10 16:25:40,822 - api_automation - INFO - JSON数据: {
  "username": "main",
  "token": "7bdb5933aeae425aa148e950e6db569a"
}
2025-09-10 16:25:40,822 - api_automation - INFO - 超时时间: 30秒
2025-09-10 16:25:40,822 - api_automation - INFO - ------------------------------
2025-09-10 16:25:40,852 - api_automation - INFO - 收到HTTP响应
2025-09-10 16:25:40,852 - api_automation - INFO - 响应状态码: 200
2025-09-10 16:25:40,853 - api_automation - INFO - 响应头: {
  "Server": "Werkzeug/3.1.3 Python/3.9.2",
  "Date": "Wed, 10 Sep 2025 08:25:41 GMT",
  "Content-Type": "text/html; charset=utf-8",
  "Content-Length": "305",
  "Access-Control-Allow-Origin": "*",
  "Connection": "close"
}
2025-09-10 16:25:40,853 - api_automation - INFO - 响应体: {"success": true, "message": "查询成功", "data": [{"id": 3, "name": "张三", "phone": "13800138000", "province": "北京市", "city": "北京市", "district": "朝阳区", "detail": "某某街道123号", "is_default": false, "created_at": "2025-08-20 09:06:27", "updated_at": "2025-08-20 09:06:27"}]}
2025-09-10 16:25:40,853 - api_automation - INFO - 响应时间: 0.023039秒
2025-09-10 16:25:40,853 - api_automation - INFO - ==================================================
2025-09-10 16:25:40,853 - api_automation - INFO - 执行状态码断言: 期望 200
2025-09-10 16:25:40,853 - api_automation - INFO - 断言成功: 状态码 200 == 200
2025-09-10 16:25:40,854 - api_automation - INFO - 执行内容包含断言: 期望包含 '{"success": true, "message": "查询成功", "data": [{"id": 3, "name": "张三", "phone": "13800138000", "province": "北京市", "city":
"北京市", "district": "朝阳区", "detail": "某某街道123号", "is_default": false, "created_at": "2025-08-20 09:06:27", "updated_at":
"2025-08-20 09:06:27"}]}'
2025-09-10 16:25:40,854 - api_automation - INFO - 断言成功: 响应内容包含标准化后的 '{"success":true,"message":"查询成功","data":[{"id":3,"name":"张三","phone":"13800138000","province":"北京市","city":"北京市","district":"朝阳区","detail":"某某街道123号","is_default":false,"created_at":"2025-08-20 09:06:27","updated_at":"2025-08-20 09:06:27"}]}'
2025-09-10 16:25:40,854 - api_automation - INFO - 测试用例执行完成: 1 - 地址列表查询
2025-09-10 16:25:40,862 - api_automation - INFO - 开始执行测试用例: 2 - 地址列表查询
2025-09-10 16:25:40,862 - api_automation - INFO - 发送 POST 请求到 /api/address/list
2025-09-10 16:25:40,863 - api_automation - INFO - ==================================================
2025-09-10 16:25:40,864 - api_automation - INFO - 开始发送HTTP请求
2025-09-10 16:25:40,864 - api_automation - INFO - 请求方法: POST
2025-09-10 16:25:40,864 - api_automation - INFO - 请求URL: http://5912.org:6666/api/address/list
2025-09-10 16:25:40,864 - api_automation - INFO - 请求头: {
  "Content-Type": "application/json"
}
2025-09-10 16:25:40,864 - api_automation - INFO - JSON数据: {
  "username": "main"
}
2025-09-10 16:25:40,864 - api_automation - INFO - 超时时间: 30秒
2025-09-10 16:25:40,864 - api_automation - INFO - ------------------------------
2025-09-10 16:25:40,903 - api_automation - INFO - 收到HTTP响应
2025-09-10 16:25:40,903 - api_automation - INFO - 响应状态码: 401
2025-09-10 16:25:40,904 - api_automation - INFO - 响应头: {
  "Server": "Werkzeug/3.1.3 Python/3.9.2",
  "Date": "Wed, 10 Sep 2025 08:25:41 GMT",
  "Content-Type": "text/html; charset=utf-8",
  "Content-Length": "56",
  "Access-Control-Allow-Origin": "*",
  "Connection": "close"
}
2025-09-10 16:25:40,904 - api_automation - INFO - 响应体: {"success": false, "message": "缺少用户名或Token"}
2025-09-10 16:25:40,904 - api_automation - INFO - 响应时间: 0.029302秒
2025-09-10 16:25:40,905 - api_automation - INFO - ==================================================
2025-09-10 16:25:40,905 - api_automation - INFO - 执行状态码断言: 期望 401
2025-09-10 16:25:40,905 - api_automation - ERROR - 请求发送失败，未收到有效响应，无法执行状态码断言
2025-09-10 16:25:40,905 - api_automation - INFO - 执行内容包含断言: 期望包含 '{"success": false, "message": "缺少用户名或Token"}'
2025-09-10 16:25:40,906 - api_automation - INFO - 断言成功: 响应内容包含标准化后的 '{"success":false,"message":"缺少用户名或Token"}'
2025-09-10 16:25:40,907 - api_automation - INFO - 测试用例执行完成: 2 - 地址列表查询
2025-09-10 16:25:40,924 - api_automation - INFO - 开始执行测试用例: 3 - 地址列表查询
2025-09-10 16:25:40,925 - api_automation - INFO - 发送 POST 请求到 /api/address/list
2025-09-10 16:25:40,926 - api_automation - INFO - ==================================================
2025-09-10 16:25:40,927 - api_automation - INFO - 开始发送HTTP请求
2025-09-10 16:25:40,927 - api_automation - INFO - 请求方法: POST
2025-09-10 16:25:40,927 - api_automation - INFO - 请求URL: http://5912.org:6666/api/address/list
2025-09-10 16:25:40,927 - api_automation - INFO - 请求头: {
  "Content-Type": "application/json"
}
2025-09-10 16:25:40,927 - api_automation - INFO - JSON数据: {
  "username": "test",
  "token": "7bdb5933aeae425aa148e950e6db569a"
}
2025-09-10 16:25:40,928 - api_automation - INFO - 超时时间: 30秒
2025-09-10 16:25:40,928 - api_automation - INFO - ------------------------------
2025-09-10 16:25:40,956 - api_automation - INFO - 收到HTTP响应
2025-09-10 16:25:40,956 - api_automation - INFO - 响应状态码: 401
2025-09-10 16:25:40,957 - api_automation - INFO - 响应头: {
  "Server": "Werkzeug/3.1.3 Python/3.9.2",
  "Date": "Wed, 10 Sep 2025 08:25:41 GMT",
  "Content-Type": "text/html; charset=utf-8",
  "Content-Length": "50",
  "Access-Control-Allow-Origin": "*",
  "Connection": "close"
}
2025-09-10 16:25:40,957 - api_automation - INFO - 响应体: {"success": false, "message": "Token验证失败"}
2025-09-10 16:25:40,957 - api_automation - INFO - 响应时间: 0.019862秒
2025-09-10 16:25:40,957 - api_automation - INFO - ==================================================
2025-09-10 16:25:40,957 - api_automation - INFO - 执行状态码断言: 期望 401
2025-09-10 16:25:40,958 - api_automation - ERROR - 请求发送失败，未收到有效响应，无法执行状态码断言
2025-09-10 16:25:40,958 - api_automation - INFO - 执行内容包含断言: 期望包含 '{"success": false, "message": "Token验证失败"}'
2025-09-10 16:25:40,958 - api_automation - INFO - 断言成功: 响应内容包含标准化后的 '{"success":false,"message":"Token验证失败"}'
2025-09-10 16:25:40,959 - api_automation - INFO - 测试用例执行完成: 3 - 地址列表查询
2025-09-10 16:25:40,977 - api_automation - INFO - 开始执行测试用例: 1 - 登录
2025-09-10 16:25:40,977 - api_automation - INFO - 发送 POST 请求到 /api/login
2025-09-10 16:25:40,978 - api_automation - INFO - ==================================================
2025-09-10 16:25:40,979 - api_automation - INFO - 开始发送HTTP请求
2025-09-10 16:25:40,979 - api_automation - INFO - 请求方法: POST
2025-09-10 16:25:40,979 - api_automation - INFO - 请求URL: http://5912.org:6666/api/login
2025-09-10 16:25:40,979 - api_automation - INFO - 请求头: {
  "Content-Type": "application/json"
}
2025-09-10 16:25:40,980 - api_automation - INFO - JSON数据: {
  "username": "main",
  "password": "123456"
}
2025-09-10 16:25:40,980 - api_automation - INFO - 超时时间: 30秒
2025-09-10 16:25:40,980 - api_automation - INFO - ------------------------------
2025-09-10 16:25:41,057 - api_automation - INFO - 收到HTTP响应
2025-09-10 16:25:41,057 - api_automation - INFO - 响应状态码: 200
2025-09-10 16:25:41,058 - api_automation - INFO - 响应头: {
  "Server": "Werkzeug/3.1.3 Python/3.9.2",
  "Date": "Wed, 10 Sep 2025 08:25:41 GMT",
  "Content-Type": "text/html; charset=utf-8",
  "Content-Length": "89",
  "Access-Control-Allow-Origin": "*",
  "Connection": "close"
}
2025-09-10 16:25:41,058 - api_automation - INFO - 响应体: {"success": true, "message": "登录成功", "token": "7bdb5933aeae425aa148e950e6db569a"}
2025-09-10 16:25:41,058 - api_automation - INFO - 响应时间: 0.054442秒
2025-09-10 16:25:41,058 - api_automation - INFO - ==================================================
2025-09-10 16:25:41,058 - api_automation - INFO - 执行状态码断言: 期望 200
2025-09-10 16:25:41,058 - api_automation - INFO - 断言成功: 状态码 200 == 200
2025-09-10 16:25:41,058 - api_automation - INFO - 开始提取变量（简化格式）: 键=token=token
2025-09-10 16:25:41,059 - api_automation - INFO - JSON路径提取成功: token -> 7bdb5933aeae425aa148e950e6db569a
2025-09-10 16:25:41,059 - api_automation - INFO - 设置变量: token = 7bdb5933aeae425aa148e950e6db569a
2025-09-10 16:25:41,059 - api_automation - INFO - 变量提取成功: token = 7bdb5933aeae425aa148e950e6db569a
2025-09-10 16:25:41,060 - api_automation - INFO - 测试用例执行完成: 1 - 登录
2025-09-10 16:25:41,068 - api_automation - INFO - 开始执行测试用例: 2 - 地址列表验证
2025-09-10 16:25:41,069 - api_automation - INFO - 发送 POST 请求到 /api/address/list
2025-09-10 16:25:41,071 - api_automation - INFO - ==================================================
2025-09-10 16:25:41,071 - api_automation - INFO - 开始发送HTTP请求
2025-09-10 16:25:41,071 - api_automation - INFO - 请求方法: POST
2025-09-10 16:25:41,072 - api_automation - INFO - 请求URL: http://5912.org:6666/api/address/list
2025-09-10 16:25:41,072 - api_automation - INFO - 请求头: {
  "Content-Type": "application/json"
}
2025-09-10 16:25:41,072 - api_automation - INFO - JSON数据: {
  "username": "main",
  "token": "7bdb5933aeae425aa148e950e6db569a"
}
2025-09-10 16:25:41,072 - api_automation - INFO - 超时时间: 30秒
2025-09-10 16:25:41,072 - api_automation - INFO - ------------------------------
2025-09-10 16:25:41,102 - api_automation - INFO - 收到HTTP响应
2025-09-10 16:25:41,103 - api_automation - INFO - 响应状态码: 200
2025-09-10 16:25:41,103 - api_automation - INFO - 响应头: {
  "Server": "Werkzeug/3.1.3 Python/3.9.2",
  "Date": "Wed, 10 Sep 2025 08:25:41 GMT",
  "Content-Type": "text/html; charset=utf-8",
  "Content-Length": "305",
  "Access-Control-Allow-Origin": "*",
  "Connection": "close"
}
2025-09-10 16:25:41,104 - api_automation - INFO - 响应体: {"success": true, "message": "查询成功", "data": [{"id": 3, "name": "张三", "phone": "13800138000", "province": "北京市", "city": "北京市", "district": "朝阳区", "detail": "某某街道123号", "is_default": false, "created_at": "2025-08-20 09:06:27", "updated_at": "2025-08-20 09:06:27"}]}
2025-09-10 16:25:41,104 - api_automation - INFO - 响应时间: 0.020999秒
2025-09-10 16:25:41,105 - api_automation - INFO - ==================================================
2025-09-10 16:25:41,105 - api_automation - INFO - 执行状态码断言: 期望 200
2025-09-10 16:25:41,106 - api_automation - INFO - 断言成功: 状态码 200 == 200
2025-09-10 16:25:41,106 - api_automation - INFO - 执行内容包含断言: 期望包含 '{"success": true, "message": "查询成功", "data": [{"id": 3, "name": "张三", "phone": "13800138000", "province": "北京市", "city": "北京市", "district": "朝阳区", "detail": "某某街道123号", "is_default": false, "created_at": "2025-08-20 09:06:27", "updated_at": "2025-08-20 09:06:27"}]}'
2025-09-10 16:25:41,106 - api_automation - INFO - 断言成功: 响应内容包含标准化后的 '{"success":true,"message":"查询成功","data":[{"id":3,"name":"张三","phone":"13800138000","province":"北京市","city":"北京市","district":"朝阳区","detail":"某某街道123号","is_default":false,"created_at":"2025-08-20 09:06:27","updated_at":"2025-08-20 09:06:27"}]}'
2025-09-10 16:25:41,107 - api_automation - INFO - 测试用例执行完成: 2 - 地址列表验证
2025-09-10 16:25:41,117 - api_automation - INFO - 开始执行测试用例: 3 - 地址列表传参缺失验证
2025-09-10 16:25:41,117 - api_automation - INFO - 发送 POST 请求到 /api/address/list
2025-09-10 16:25:41,118 - api_automation - INFO - ==================================================
2025-09-10 16:25:41,119 - api_automation - INFO - 开始发送HTTP请求
2025-09-10 16:25:41,119 - api_automation - INFO - 请求方法: POST
2025-09-10 16:25:41,119 - api_automation - INFO - 请求URL: http://5912.org:6666/api/address/list
2025-09-10 16:25:41,119 - api_automation - INFO - 请求头: {
  "Content-Type": "application/json"
}
2025-09-10 16:25:41,119 - api_automation - INFO - JSON数据: {
  "username": "main"
}
2025-09-10 16:25:41,119 - api_automation - INFO - 超时时间: 30秒
2025-09-10 16:25:41,120 - api_automation - INFO - ------------------------------
2025-09-10 16:25:41,145 - api_automation - INFO - 收到HTTP响应
2025-09-10 16:25:41,145 - api_automation - INFO - 响应状态码: 401
2025-09-10 16:25:41,145 - api_automation - INFO - 响应头: {
  "Server": "Werkzeug/3.1.3 Python/3.9.2",
  "Date": "Wed, 10 Sep 2025 08:25:41 GMT",
  "Content-Type": "text/html; charset=utf-8",
  "Content-Length": "56",
  "Access-Control-Allow-Origin": "*",
  "Connection": "close"
}
2025-09-10 16:25:41,146 - api_automation - INFO - 响应体: {"success": false, "message": "缺少用户名或Token"}
2025-09-10 16:25:41,146 - api_automation - INFO - 响应时间: 0.017402秒
2025-09-10 16:25:41,146 - api_automation - INFO - ==================================================
2025-09-10 16:25:41,146 - api_automation - INFO - 执行状态码断言: 期望 401
2025-09-10 16:25:41,146 - api_automation - ERROR - 请求发送失败，未收到有效响应，无法执行状态码断言
2025-09-10 16:25:41,146 - api_automation - INFO - 执行内容包含断言: 期望包含 '{"success": false, "message": "缺少用户名或Token"}'
2025-09-10 16:25:41,147 - api_automation - INFO - 断言成功: 响应内容包含标准化后的 '{"success":false,"message":"缺少用户名或Token"}'
2025-09-10 16:25:41,147 - api_automation - INFO - 测试用例执行完成: 3 - 地址列表传参缺失验证
2025-09-10 16:25:41,156 - api_automation - INFO - 开始执行测试用例: 4 - 查询地址列表登录失败验证
2025-09-10 16:25:41,157 - api_automation - INFO - 发送 POST 请求到 /api/address/list
2025-09-10 16:25:41,158 - api_automation - INFO - ==================================================
2025-09-10 16:25:41,158 - api_automation - INFO - 开始发送HTTP请求
2025-09-10 16:25:41,158 - api_automation - INFO - 请求方法: POST
2025-09-10 16:25:41,158 - api_automation - INFO - 请求URL: http://5912.org:6666/api/address/list
2025-09-10 16:25:41,158 - api_automation - INFO - 请求头: {
  "Content-Type": "application/json"
}
2025-09-10 16:25:41,158 - api_automation - INFO - JSON数据: {
  "username": "test",
  "token": "7bdb5933aeae425aa148e950e6db569a"
}
2025-09-10 16:25:41,159 - api_automation - INFO - 超时时间: 30秒
2025-09-10 16:25:41,159 - api_automation - INFO - ------------------------------
2025-09-10 16:25:41,187 - api_automation - INFO - 收到HTTP响应
2025-09-10 16:25:41,188 - api_automation - INFO - 响应状态码: 401
2025-09-10 16:25:41,188 - api_automation - INFO - 响应头: {
  "Server": "Werkzeug/3.1.3 Python/3.9.2",
  "Date": "Wed, 10 Sep 2025 08:25:41 GMT",
  "Content-Type": "text/html; charset=utf-8",
  "Content-Length": "50",
  "Access-Control-Allow-Origin": "*",
  "Connection": "close"
}
2025-09-10 16:25:41,189 - api_automation - INFO - 响应体: {"success": false, "message": "Token验证失败"}
2025-09-10 16:25:41,189 - api_automation - INFO - 响应时间: 0.020374秒
2025-09-10 16:25:41,190 - api_automation - INFO - ==================================================
2025-09-10 16:25:41,190 - api_automation - INFO - 执行状态码断言: 期望 401
2025-09-10 16:25:41,191 - api_automation - ERROR - 请求发送失败，未收到有效响应，无法执行状态码断言
2025-09-10 16:25:41,191 - api_automation - INFO - 执行内容包含断言: 期望包含 '{"success": false, "message": "Token验证失败"}'
2025-09-10 16:25:41,192 - api_automation - INFO - 断言成功: 响应内容包含标准化后的 '{"success":false,"message":"Token验证失败"}'
2025-09-10 16:25:41,194 - api_automation - INFO - 测试用例执行完成: 4 - 查询地址列表登录失败验证
2025-09-10 16:25:41,207 - api_automation - INFO - 开始执行测试用例: 1 - 地址列表验证
2025-09-10 16:25:41,207 - api_automation - INFO - 发送 POST 请求到 /api/address/list
2025-09-10 16:25:41,208 - api_automation - INFO - ==================================================
2025-09-10 16:25:41,209 - api_automation - INFO - 开始发送HTTP请求
2025-09-10 16:25:41,209 - api_automation - INFO - 请求方法: POST
2025-09-10 16:25:41,209 - api_automation - INFO - 请求URL: http://5912.org:6666/api/address/list
2025-09-10 16:25:41,209 - api_automation - INFO - 请求头: {
  "Content-Type": "application/json"
}
2025-09-10 16:25:41,209 - api_automation - INFO - JSON数据: {
  "username": "main",
  "token": "7bdb5933aeae425aa148e950e6db569a"
}
2025-09-10 16:25:41,209 - api_automation - INFO - 超时时间: 30秒
2025-09-10 16:25:41,209 - api_automation - INFO - ------------------------------
2025-09-10 16:25:41,243 - api_automation - INFO - 收到HTTP响应
2025-09-10 16:25:41,243 - api_automation - INFO - 响应状态码: 200
2025-09-10 16:25:41,244 - api_automation - INFO - 响应头: {
  "Server": "Werkzeug/3.1.3 Python/3.9.2",
  "Date": "Wed, 10 Sep 2025 08:25:41 GMT",
  "Content-Type": "text/html; charset=utf-8",
  "Content-Length": "305",
  "Access-Control-Allow-Origin": "*",
  "Connection": "close"
}
2025-09-10 16:25:41,244 - api_automation - INFO - 响应体: {"success": true, "message": "查询成功", "data": [{"id": 3, "name": "张三", "phone": "13800138000", "province": "北京市", "city": "北京市", "district": "朝阳区", "detail": "某某街道123号", "is_default": false, "created_at": "2025-08-20 09:06:27", "updated_at": "2025-08-20 09:06:27"}]}
2025-09-10 16:25:41,244 - api_automation - INFO - 响应时间: 0.02762秒
2025-09-10 16:25:41,245 - api_automation - INFO - ==================================================
2025-09-10 16:25:41,245 - api_automation - INFO - 执行状态码断言: 期望 200
2025-09-10 16:25:41,245 - api_automation - INFO - 断言成功: 状态码 200 == 200
2025-09-10 16:25:41,246 - api_automation - INFO - 执行内容包含断言: 期望包含 '{"success": true, "message": "查询成功", "data": [{"id": 3, "name": "张三", "phone": "13800138000", "province": "北京市", "city": "北京市", "district": "朝阳区", "detail": "某某街道123号", "is_default": false, "created_at": "2025-08-20 09:06:27", "updated_at": "2025-08-20 09:06:27"}]}'
2025-09-10 16:25:41,246 - api_automation - INFO - 断言成功: 响应内容包含标准化后的 '{"success":true,"message":"查询成功","data":[{"id":3,"name":"张三","phone":"13800138000","province":"北京市","city":"北京市","district":"朝阳区","detail":"某某街道123号","is_default":false,"created_at":"2025-08-20 09:06:27","updated_at":"2025-08-20 09:06:27"}]}'
2025-09-10 16:25:41,247 - api_automation - INFO - 测试用例执行完成: 1 - 地址列表验证
2025-09-10 16:25:41,259 - api_automation - INFO - 开始执行测试用例: 2 - 地址列表传参缺失验证
2025-09-10 16:25:41,259 - api_automation - INFO - 发送 POST 请求到 /api/address/list
2025-09-10 16:25:41,260 - api_automation - INFO - ==================================================
2025-09-10 16:25:41,260 - api_automation - INFO - 开始发送HTTP请求
2025-09-10 16:25:41,261 - api_automation - INFO - 请求方法: POST
2025-09-10 16:25:41,261 - api_automation - INFO - 请求URL: http://5912.org:6666/api/address/list
2025-09-10 16:25:41,261 - api_automation - INFO - 请求头: {
  "Content-Type": "application/json"
}
2025-09-10 16:25:41,261 - api_automation - INFO - JSON数据: {
  "username": "main"
}
2025-09-10 16:25:41,261 - api_automation - INFO - 超时时间: 30秒
2025-09-10 16:25:41,261 - api_automation - INFO - ------------------------------
2025-09-10 16:25:41,285 - api_automation - INFO - 收到HTTP响应
2025-09-10 16:25:41,285 - api_automation - INFO - 响应状态码: 401
2025-09-10 16:25:41,286 - api_automation - INFO - 响应头: {
  "Server": "Werkzeug/3.1.3 Python/3.9.2",
  "Date": "Wed, 10 Sep 2025 08:25:41 GMT",
  "Content-Type": "text/html; charset=utf-8",
  "Content-Length": "56",
  "Access-Control-Allow-Origin": "*",
  "Connection": "close"
}
2025-09-10 16:25:41,287 - api_automation - INFO - 响应体: {"success": false, "message": "缺少用户名或Token"}
2025-09-10 16:25:41,287 - api_automation - INFO - 响应时间: 0.016922秒
2025-09-10 16:25:41,287 - api_automation - INFO - ==================================================
2025-09-10 16:25:41,288 - api_automation - INFO - 执行状态码断言: 期望 401
2025-09-10 16:25:41,288 - api_automation - ERROR - 请求发送失败，未收到有效响应，无法执行状态码断言
2025-09-10 16:25:41,288 - api_automation - INFO - 执行内容包含断言: 期望包含 '{"success": false, "message": "缺少用户名或Token"}'
2025-09-10 16:25:41,289 - api_automation - INFO - 断言成功: 响应内容包含标准化后的 '{"success":false,"message":"缺少用户名或Token"}'
2025-09-10 16:25:41,290 - api_automation - INFO - 测试用例执行完成: 2 - 地址列表传参缺失验证
2025-09-10 16:25:41,302 - api_automation - INFO - 开始执行测试用例: 3 - 查询地址列表登录失败验证
2025-09-10 16:25:41,303 - api_automation - INFO - 发送 POST 请求到 /api/address/list
2025-09-10 16:25:41,304 - api_automation - INFO - ==================================================
2025-09-10 16:25:41,304 - api_automation - INFO - 开始发送HTTP请求
2025-09-10 16:25:41,305 - api_automation - INFO - 请求方法: POST
2025-09-10 16:25:41,305 - api_automation - INFO - 请求URL: http://5912.org:6666/api/address/list
2025-09-10 16:25:41,305 - api_automation - INFO - 请求头: {
  "Content-Type": "application/json"
}
2025-09-10 16:25:41,305 - api_automation - INFO - JSON数据: {
  "username": "test",
  "token": "7bdb5933aeae425aa148e950e6db569a"
}
2025-09-10 16:25:41,306 - api_automation - INFO - 超时时间: 30秒
2025-09-10 16:25:41,306 - api_automation - INFO - ------------------------------
2025-09-10 16:25:41,330 - api_automation - INFO - 收到HTTP响应
2025-09-10 16:25:41,331 - api_automation - INFO - 响应状态码: 401
2025-09-10 16:25:41,331 - api_automation - INFO - 响应头: {
  "Server": "Werkzeug/3.1.3 Python/3.9.2",
  "Date": "Wed, 10 Sep 2025 08:25:41 GMT",
  "Content-Type": "text/html; charset=utf-8",
  "Content-Length": "50",
  "Access-Control-Allow-Origin": "*",
  "Connection": "close"
}
2025-09-10 16:25:41,331 - api_automation - INFO - 响应体: {"success": false, "message": "Token验证失败"}
2025-09-10 16:25:41,332 - api_automation - INFO - 响应时间: 0.018569秒
2025-09-10 16:25:41,332 - api_automation - INFO - ==================================================
2025-09-10 16:25:41,332 - api_automation - INFO - 执行状态码断言: 期望 200
2025-09-10 16:25:41,332 - api_automation - ERROR - 请求发送失败，未收到有效响应，无法执行状态码断言
2025-09-10 16:25:41,333 - api_automation - INFO - 执行内容包含断言: 期望包含 '{"success": false, "message": "Token验证失败111"}'
2025-09-10 16:25:41,333 - api_automation - ERROR - 内容包含断言失败: 标准化后的期望内容 '{"success":false,"message":"Token验证失败111"}' 未找到. 
2025-09-10 16:25:41,333 - api_automation - ERROR - 内容断言失败: 标准化后的期望内容 '{"success":false,"message":"Token验证失败111"}' 未找到. 
2025-09-10 16:25:41,592 - api_automation - INFO - 测试执行完成
2025-09-10 16:25:41,593 - api_automation - INFO - 测试执行完成，退出码: 1
2025-09-10 16:25:41,593 - api_automation - INFO - 用户指定了 --serve-report 参数，将启动报告服务器
2025-09-10 16:25:41,594 - api_automation - INFO - 启动Allure报告服务器
2025-09-10 16:25:41,594 - api_automation - INFO - 执行命令: allure serve ./reports/allure_reports
2025-09-10 16:55:39,501 - api_automation - INFO - 解析命令行参数完成
2025-09-10 16:55:39,501 - api_automation - INFO - 参数详情: serve_report=True, generate_report=False, type=None, file=None
2025-09-10 16:55:39,501 - api_automation - INFO - 开始执行API自动化测试
2025-09-10 16:55:39,501 - api_automation - INFO - 测试路径: None
2025-09-10 16:55:39,501 - api_automation - INFO - 测试类型: None
2025-09-10 16:55:39,502 - api_automation - INFO - 运行所有测试用例
2025-09-10 16:55:39,502 - api_automation - INFO - 执行命令: pytest testcases/ -v --alluredir=./reports/allure_reports --clean-alluredir
2025-09-10 16:55:41,107 - api_automation - INFO - 查找所有测试文件，找到 4 个文件
2025-09-10 16:55:41,108 - api_automation - INFO - 读取测试文件: /Users/sunwenlong/PythonEducationalProject/ifrit/data/excel_data/test_case_addr_01.xls
2025-09-10 16:55:41,109 - api_automation - INFO - 开始读取测试用例文件: /Users/sunwenlong/PythonEducationalProject/ifrit/data/excel_data/test_case_addr_01.xls
2025-09-10 16:55:41,110 - api_automation - INFO - 文件是否存在: True
2025-09-10 16:55:41,110 - api_automation - INFO - 检测到.xls文件，使用xlrd引擎读取
2025-09-10 16:55:41,142 - api_automation - INFO - 成功读取文件，数据行数: 4
2025-09-10 16:55:41,166 - api_automation - INFO - 从 /Users/sunwenlong/PythonEducationalProject/ifrit/data/excel_data/test_case_addr_01.xls 成功读取 4 条测试用例
2025-09-10 16:55:41,166 - api_automation - INFO - 从 /Users/sunwenlong/PythonEducationalProject/ifrit/data/excel_data/test_case_addr_01.xls 加载了 4 条测试用例
2025-09-10 16:55:41,167 - api_automation - INFO - 读取测试文件: /Users/sunwenlong/PythonEducationalProject/ifrit/data/excel_data/test_case_addr_02.xls
2025-09-10 16:55:41,167 - api_automation - INFO - 开始读取测试用例文件: /Users/sunwenlong/PythonEducationalProject/ifrit/data/excel_data/test_case_addr_02.xls
2025-09-10 16:55:41,167 - api_automation - INFO - 文件是否存在: True
2025-09-10 16:55:41,168 - api_automation - INFO - 检测到.xls文件，使用xlrd引擎读取
2025-09-10 16:55:41,174 - api_automation - INFO - 成功读取文件，数据行数: 3
2025-09-10 16:55:41,187 - api_automation - INFO - 从 /Users/sunwenlong/PythonEducationalProject/ifrit/data/excel_data/test_case_addr_02.xls 成功读取 3 条测试用例
2025-09-10 16:55:41,187 - api_automation - INFO - 从 /Users/sunwenlong/PythonEducationalProject/ifrit/data/excel_data/test_case_addr_02.xls 加载了 3 条测试用例
2025-09-10 16:55:41,187 - api_automation - INFO - 读取测试文件: /Users/sunwenlong/PythonEducationalProject/ifrit/data/csv_data/test_case_addr_01.csv
2025-09-10 16:55:41,188 - api_automation - INFO - 开始读取测试用例文件: /Users/sunwenlong/PythonEducationalProject/ifrit/data/csv_data/test_case_addr_01.csv
2025-09-10 16:55:41,188 - api_automation - INFO - 文件是否存在: True
2025-09-10 16:55:41,188 - api_automation - INFO - 检测到.csv文件，使用CSV方式读取
2025-09-10 16:55:41,192 - api_automation - INFO - 成功读取文件，数据行数: 4
2025-09-10 16:55:41,205 - api_automation - INFO - 从 /Users/sunwenlong/PythonEducationalProject/ifrit/data/csv_data/test_case_addr_01.csv 成功读取 4 条测试用例
2025-09-10 16:55:41,205 - api_automation - INFO - 从 /Users/sunwenlong/PythonEducationalProject/ifrit/data/csv_data/test_case_addr_01.csv 加载了 4 条测试用例
2025-09-10 16:55:41,205 - api_automation - INFO - 读取测试文件: /Users/sunwenlong/PythonEducationalProject/ifrit/data/csv_data/test_case_addr_02.csv
2025-09-10 16:55:41,206 - api_automation - INFO - 开始读取测试用例文件: /Users/sunwenlong/PythonEducationalProject/ifrit/data/csv_data/test_case_addr_02.csv
2025-09-10 16:55:41,206 - api_automation - INFO - 文件是否存在: True
2025-09-10 16:55:41,206 - api_automation - INFO - 检测到.csv文件，使用CSV方式读取
2025-09-10 16:55:41,209 - api_automation - INFO - 成功读取文件，数据行数: 3
2025-09-10 16:55:41,220 - api_automation - INFO - 从 /Users/sunwenlong/PythonEducationalProject/ifrit/data/csv_data/test_case_addr_02.csv 成功读取 3 条测试用例
2025-09-10 16:55:41,220 - api_automation - INFO - 从 /Users/sunwenlong/PythonEducationalProject/ifrit/data/csv_data/test_case_addr_02.csv 加载了 3 条测试用例
2025-09-10 16:55:41,220 - api_automation - INFO - 总共加载了 14 条测试用例
2025-09-10 16:55:41,232 - api_automation - INFO - 查找所有测试文件，找到 3 个文件
2025-09-10 16:55:41,244 - api_automation - INFO - 查找所有测试文件，找到 3 个文件
2025-09-10 16:55:41,249 - api_automation - INFO - 开始执行测试用例: 1 - 登录
2025-09-10 16:55:41,249 - api_automation - INFO - 发送 POST 请求到 /api/login
2025-09-10 16:55:41,250 - api_automation - INFO - ==================================================
2025-09-10 16:55:41,250 - api_automation - INFO - 开始发送HTTP请求
2025-09-10 16:55:41,250 - api_automation - INFO - 请求方法: POST
2025-09-10 16:55:41,250 - api_automation - INFO - 请求URL: http://5912.org:6666/api/login
2025-09-10 16:55:41,251 - api_automation - INFO - 请求头: {
  "Content-Type": "application/json"
}
2025-09-10 16:55:41,251 - api_automation - INFO - JSON数据: {
  "username": "main",
  "password": "123456"
}
2025-09-10 16:55:41,251 - api_automation - INFO - 超时时间: 30秒
2025-09-10 16:55:41,251 - api_automation - INFO - ------------------------------
2025-09-10 16:55:41,319 - api_automation - INFO - 收到HTTP响应
2025-09-10 16:55:41,319 - api_automation - INFO - 响应状态码: 200
2025-09-10 16:55:41,319 - api_automation - INFO - 响应头: {
  "Server": "Werkzeug/3.1.3 Python/3.9.2",
  "Date": "Wed, 10 Sep 2025 08:55:41 GMT",
  "Content-Type": "text/html; charset=utf-8",
  "Content-Length": "89",
  "Access-Control-Allow-Origin": "*",
  "Connection": "close"
}
2025-09-10 16:55:41,320 - api_automation - INFO - 响应体: {"success": true, "message": "登录成功", "token": "7bdb5933aeae425aa148e950e6db569a"}
2025-09-10 16:55:41,320 - api_automation - INFO - 响应时间: 0.053422秒
2025-09-10 16:55:41,320 - api_automation - INFO - ==================================================
2025-09-10 16:55:41,320 - api_automation - INFO - 执行状态码断言: 期望 200
2025-09-10 16:55:41,320 - api_automation - INFO - 断言成功: 状态码 200 == 200
2025-09-10 16:55:41,321 - api_automation - INFO - 开始提取变量（简化格式）: 键=token=json.token
2025-09-10 16:55:41,321 - api_automation - INFO - JSON路径提取成功: token -> 7bdb5933aeae425aa148e950e6db569a
2025-09-10 16:55:41,321 - api_automation - INFO - 设置变量: token = 7bdb5933aeae425aa148e950e6db569a
2025-09-10 16:55:41,322 - api_automation - INFO - 变量提取成功: token = 7bdb5933aeae425aa148e950e6db569a
2025-09-10 16:55:41,323 - api_automation - INFO - 测试用例执行完成: 1 - 登录
2025-09-10 16:55:41,333 - api_automation - INFO - 开始执行测试用例: 2 - 地址列表查询
2025-09-10 16:55:41,333 - api_automation - INFO - 发送 POST 请求到 /api/address/list
2025-09-10 16:55:41,335 - api_automation - INFO - ==================================================
2025-09-10 16:55:41,335 - api_automation - INFO - 开始发送HTTP请求
2025-09-10 16:55:41,335 - api_automation - INFO - 请求方法: POST
2025-09-10 16:55:41,335 - api_automation - INFO - 请求URL: http://5912.org:6666/api/address/list
2025-09-10 16:55:41,335 - api_automation - INFO - 请求头: {
  "Content-Type": "application/json"
}
2025-09-10 16:55:41,336 - api_automation - INFO - JSON数据: {
  "username": "main",
  "token": "7bdb5933aeae425aa148e950e6db569a"
}
2025-09-10 16:55:41,336 - api_automation - INFO - 超时时间: 30秒
2025-09-10 16:55:41,336 - api_automation - INFO - ------------------------------
2025-09-10 16:55:41,369 - api_automation - INFO - 收到HTTP响应
2025-09-10 16:55:41,370 - api_automation - INFO - 响应状态码: 200
2025-09-10 16:55:41,370 - api_automation - INFO - 响应头: {
  "Server": "Werkzeug/3.1.3 Python/3.9.2",
  "Date": "Wed, 10 Sep 2025 08:55:41 GMT",
  "Content-Type": "text/html; charset=utf-8",
  "Content-Length": "305",
  "Access-Control-Allow-Origin": "*",
  "Connection": "close"
}
2025-09-10 16:55:41,370 - api_automation - INFO - 响应体: {"success": true, "message": "查询成功", "data": [{"id": 3, "name": "张三", "phone": "13800138000", "province": "北京市", "city": "北京市", "district": "朝阳区", "detail": "某某街道123号", "is_default": false, "created_at": "2025-08-20 09:06:27", "updated_at": "2025-08-20 09:06:27"}]}
2025-09-10 16:55:41,371 - api_automation - INFO - 响应时间: 0.026372秒
2025-09-10 16:55:41,371 - api_automation - INFO - ==================================================
2025-09-10 16:55:41,371 - api_automation - INFO - 执行状态码断言: 期望 200
2025-09-10 16:55:41,371 - api_automation - INFO - 断言成功: 状态码 200 == 200
2025-09-10 16:55:41,371 - api_automation - INFO - 执行内容包含断言: 期望包含 '{"success": true, "message": "查询成功", "data": [{"id": 3, "name": "张三", "phone": "13800138000", "province": "北京市", "city":
"北京市", "district": "朝阳区", "detail": "某某街道123号", "is_default": false, "created_at": "2025-08-20 09:06:27", "updated_at":
"2025-08-20 09:06:27"}]}'
2025-09-10 16:55:41,372 - api_automation - INFO - 断言成功: 响应内容包含标准化后的 '{"success":true,"message":"查询成功","data":[{"id":3,"name":"张三","phone":"13800138000","province":"北京市","city":"北京市","district":"朝阳区","detail":"某某街道123号","is_default":false,"created_at":"2025-08-20 09:06:27","updated_at":"2025-08-20 09:06:27"}]}'
2025-09-10 16:55:41,373 - api_automation - INFO - 测试用例执行完成: 2 - 地址列表查询
2025-09-10 16:55:41,385 - api_automation - INFO - 开始执行测试用例: 3 - 地址列表查询
2025-09-10 16:55:41,386 - api_automation - INFO - 发送 POST 请求到 /api/address/list
2025-09-10 16:55:41,388 - api_automation - INFO - ==================================================
2025-09-10 16:55:41,388 - api_automation - INFO - 开始发送HTTP请求
2025-09-10 16:55:41,389 - api_automation - INFO - 请求方法: POST
2025-09-10 16:55:41,389 - api_automation - INFO - 请求URL: http://5912.org:6666/api/address/list
2025-09-10 16:55:41,389 - api_automation - INFO - 请求头: {
  "Content-Type": "application/json"
}
2025-09-10 16:55:41,389 - api_automation - INFO - JSON数据: {
  "username": "main"
}
2025-09-10 16:55:41,390 - api_automation - INFO - 超时时间: 30秒
2025-09-10 16:55:41,390 - api_automation - INFO - ------------------------------
2025-09-10 16:55:41,421 - api_automation - INFO - 收到HTTP响应
2025-09-10 16:55:41,422 - api_automation - INFO - 响应状态码: 401
2025-09-10 16:55:41,423 - api_automation - INFO - 响应头: {
  "Server": "Werkzeug/3.1.3 Python/3.9.2",
  "Date": "Wed, 10 Sep 2025 08:55:41 GMT",
  "Content-Type": "text/html; charset=utf-8",
  "Content-Length": "56",
  "Access-Control-Allow-Origin": "*",
  "Connection": "close"
}
2025-09-10 16:55:41,423 - api_automation - INFO - 响应体: {"success": false, "message": "缺少用户名或Token"}
2025-09-10 16:55:41,423 - api_automation - INFO - 响应时间: 0.021207秒
2025-09-10 16:55:41,423 - api_automation - INFO - ==================================================
2025-09-10 16:55:41,423 - api_automation - INFO - 执行状态码断言: 期望 401
2025-09-10 16:55:41,423 - api_automation - ERROR - 请求发送失败，未收到有效响应，无法执行状态码断言
2025-09-10 16:55:41,423 - api_automation - INFO - 执行内容包含断言: 期望包含 '{"success": false, "message": "缺少用户名或Token"}'
2025-09-10 16:55:41,424 - api_automation - INFO - 断言成功: 响应内容包含标准化后的 '{"success":false,"message":"缺少用户名或Token"}'
2025-09-10 16:55:41,425 - api_automation - INFO - 测试用例执行完成: 3 - 地址列表查询
2025-09-10 16:55:41,438 - api_automation - INFO - 开始执行测试用例: 4 - 地址列表查询
2025-09-10 16:55:41,439 - api_automation - INFO - 发送 POST 请求到 /api/address/list
2025-09-10 16:55:41,447 - api_automation - INFO - ==================================================
2025-09-10 16:55:41,447 - api_automation - INFO - 开始发送HTTP请求
2025-09-10 16:55:41,447 - api_automation - INFO - 请求方法: POST
2025-09-10 16:55:41,447 - api_automation - INFO - 请求URL: http://5912.org:6666/api/address/list
2025-09-10 16:55:41,448 - api_automation - INFO - 请求头: {
  "Content-Type": "application/json"
}
2025-09-10 16:55:41,448 - api_automation - INFO - JSON数据: {
  "username": "test",
  "token": "7bdb5933aeae425aa148e950e6db569a"
}
2025-09-10 16:55:41,448 - api_automation - INFO - 超时时间: 30秒
2025-09-10 16:55:41,448 - api_automation - INFO - ------------------------------
2025-09-10 16:55:41,498 - api_automation - INFO - 收到HTTP响应
2025-09-10 16:55:41,499 - api_automation - INFO - 响应状态码: 401
2025-09-10 16:55:41,499 - api_automation - INFO - 响应头: {
  "Server": "Werkzeug/3.1.3 Python/3.9.2",
  "Date": "Wed, 10 Sep 2025 08:55:41 GMT",
  "Content-Type": "text/html; charset=utf-8",
  "Content-Length": "50",
  "Access-Control-Allow-Origin": "*",
  "Connection": "close"
}
2025-09-10 16:55:41,499 - api_automation - INFO - 响应体: {"success": false, "message": "Token验证失败"}
2025-09-10 16:55:41,500 - api_automation - INFO - 响应时间: 0.037376秒
2025-09-10 16:55:41,500 - api_automation - INFO - ==================================================
2025-09-10 16:55:41,500 - api_automation - INFO - 执行状态码断言: 期望 401
2025-09-10 16:55:41,500 - api_automation - ERROR - 请求发送失败，未收到有效响应，无法执行状态码断言
2025-09-10 16:55:41,500 - api_automation - INFO - 执行内容包含断言: 期望包含 '{"success": false, "message": "Token验证失败"}'
2025-09-10 16:55:41,501 - api_automation - INFO - 断言成功: 响应内容包含标准化后的 '{"success":false,"message":"Token验证失败"}'
2025-09-10 16:55:41,502 - api_automation - INFO - 测试用例执行完成: 4 - 地址列表查询
2025-09-10 16:55:41,511 - api_automation - INFO - 开始执行测试用例: 1 - 地址列表查询
2025-09-10 16:55:41,511 - api_automation - INFO - 发送 POST 请求到 /api/address/list
2025-09-10 16:55:41,512 - api_automation - INFO - ==================================================
2025-09-10 16:55:41,513 - api_automation - INFO - 开始发送HTTP请求
2025-09-10 16:55:41,513 - api_automation - INFO - 请求方法: POST
2025-09-10 16:55:41,513 - api_automation - INFO - 请求URL: http://5912.org:6666/api/address/list
2025-09-10 16:55:41,513 - api_automation - INFO - 请求头: {
  "Content-Type": "application/json"
}
2025-09-10 16:55:41,513 - api_automation - INFO - JSON数据: {
  "username": "main",
  "token": "7bdb5933aeae425aa148e950e6db569a"
}
2025-09-10 16:55:41,513 - api_automation - INFO - 超时时间: 30秒
2025-09-10 16:55:41,513 - api_automation - INFO - ------------------------------
2025-09-10 16:55:41,540 - api_automation - INFO - 收到HTTP响应
2025-09-10 16:55:41,540 - api_automation - INFO - 响应状态码: 200
2025-09-10 16:55:41,540 - api_automation - INFO - 响应头: {
  "Server": "Werkzeug/3.1.3 Python/3.9.2",
  "Date": "Wed, 10 Sep 2025 08:55:41 GMT",
  "Content-Type": "text/html; charset=utf-8",
  "Content-Length": "305",
  "Access-Control-Allow-Origin": "*",
  "Connection": "close"
}
2025-09-10 16:55:41,541 - api_automation - INFO - 响应体: {"success": true, "message": "查询成功", "data": [{"id": 3, "name": "张三", "phone": "13800138000", "province": "北京市", "city": "北京市", "district": "朝阳区", "detail": "某某街道123号", "is_default": false, "created_at": "2025-08-20 09:06:27", "updated_at": "2025-08-20 09:06:27"}]}
2025-09-10 16:55:41,541 - api_automation - INFO - 响应时间: 0.020838秒
2025-09-10 16:55:41,541 - api_automation - INFO - ==================================================
2025-09-10 16:55:41,541 - api_automation - INFO - 执行状态码断言: 期望 200
2025-09-10 16:55:41,541 - api_automation - INFO - 断言成功: 状态码 200 == 200
2025-09-10 16:55:41,541 - api_automation - INFO - 执行内容包含断言: 期望包含 '{"success": true, "message": "查询成功", "data": [{"id": 3, "name": "张三", "phone": "13800138000", "province": "北京市", "city":
"北京市", "district": "朝阳区", "detail": "某某街道123号", "is_default": false, "created_at": "2025-08-20 09:06:27", "updated_at":
"2025-08-20 09:06:27"}]}'
2025-09-10 16:55:41,542 - api_automation - INFO - 断言成功: 响应内容包含标准化后的 '{"success":true,"message":"查询成功","data":[{"id":3,"name":"张三","phone":"13800138000","province":"北京市","city":"北京市","district":"朝阳区","detail":"某某街道123号","is_default":false,"created_at":"2025-08-20 09:06:27","updated_at":"2025-08-20 09:06:27"}]}'
2025-09-10 16:55:41,543 - api_automation - INFO - 测试用例执行完成: 1 - 地址列表查询
2025-09-10 16:55:41,551 - api_automation - INFO - 开始执行测试用例: 2 - 地址列表查询
2025-09-10 16:55:41,551 - api_automation - INFO - 发送 POST 请求到 /api/address/list
2025-09-10 16:55:41,552 - api_automation - INFO - ==================================================
2025-09-10 16:55:41,553 - api_automation - INFO - 开始发送HTTP请求
2025-09-10 16:55:41,553 - api_automation - INFO - 请求方法: POST
2025-09-10 16:55:41,553 - api_automation - INFO - 请求URL: http://5912.org:6666/api/address/list
2025-09-10 16:55:41,553 - api_automation - INFO - 请求头: {
  "Content-Type": "application/json"
}
2025-09-10 16:55:41,553 - api_automation - INFO - JSON数据: {
  "username": "main"
}
2025-09-10 16:55:41,553 - api_automation - INFO - 超时时间: 30秒
2025-09-10 16:55:41,553 - api_automation - INFO - ------------------------------
2025-09-10 16:55:41,578 - api_automation - INFO - 收到HTTP响应
2025-09-10 16:55:41,579 - api_automation - INFO - 响应状态码: 401
2025-09-10 16:55:41,579 - api_automation - INFO - 响应头: {
  "Server": "Werkzeug/3.1.3 Python/3.9.2",
  "Date": "Wed, 10 Sep 2025 08:55:41 GMT",
  "Content-Type": "text/html; charset=utf-8",
  "Content-Length": "56",
  "Access-Control-Allow-Origin": "*",
  "Connection": "close"
}
2025-09-10 16:55:41,579 - api_automation - INFO - 响应体: {"success": false, "message": "缺少用户名或Token"}
2025-09-10 16:55:41,579 - api_automation - INFO - 响应时间: 0.017802秒
2025-09-10 16:55:41,580 - api_automation - INFO - ==================================================
2025-09-10 16:55:41,580 - api_automation - INFO - 执行状态码断言: 期望 401
2025-09-10 16:55:41,580 - api_automation - ERROR - 请求发送失败，未收到有效响应，无法执行状态码断言
2025-09-10 16:55:41,580 - api_automation - INFO - 执行内容包含断言: 期望包含 '{"success": false, "message": "缺少用户名或Token"}'
2025-09-10 16:55:41,581 - api_automation - INFO - 断言成功: 响应内容包含标准化后的 '{"success":false,"message":"缺少用户名或Token"}'
2025-09-10 16:55:41,581 - api_automation - INFO - 测试用例执行完成: 2 - 地址列表查询
2025-09-10 16:55:41,593 - api_automation - INFO - 开始执行测试用例: 3 - 地址列表查询
2025-09-10 16:55:41,594 - api_automation - INFO - 发送 POST 请求到 /api/address/list
2025-09-10 16:55:41,596 - api_automation - INFO - ==================================================
2025-09-10 16:55:41,596 - api_automation - INFO - 开始发送HTTP请求
2025-09-10 16:55:41,596 - api_automation - INFO - 请求方法: POST
2025-09-10 16:55:41,596 - api_automation - INFO - 请求URL: http://5912.org:6666/api/address/list
2025-09-10 16:55:41,596 - api_automation - INFO - 请求头: {
  "Content-Type": "application/json"
}
2025-09-10 16:55:41,596 - api_automation - INFO - JSON数据: {
  "username": "test",
  "token": "7bdb5933aeae425aa148e950e6db569a"
}
2025-09-10 16:55:41,597 - api_automation - INFO - 超时时间: 30秒
2025-09-10 16:55:41,597 - api_automation - INFO - ------------------------------
2025-09-10 16:55:41,633 - api_automation - INFO - 收到HTTP响应
2025-09-10 16:55:41,633 - api_automation - INFO - 响应状态码: 401
2025-09-10 16:55:41,633 - api_automation - INFO - 响应头: {
  "Server": "Werkzeug/3.1.3 Python/3.9.2",
  "Date": "Wed, 10 Sep 2025 08:55:41 GMT",
  "Content-Type": "text/html; charset=utf-8",
  "Content-Length": "50",
  "Access-Control-Allow-Origin": "*",
  "Connection": "close"
}
2025-09-10 16:55:41,633 - api_automation - INFO - 响应体: {"success": false, "message": "Token验证失败"}
2025-09-10 16:55:41,633 - api_automation - INFO - 响应时间: 0.029958秒
2025-09-10 16:55:41,634 - api_automation - INFO - ==================================================
2025-09-10 16:55:41,634 - api_automation - INFO - 执行状态码断言: 期望 401
2025-09-10 16:55:41,634 - api_automation - ERROR - 请求发送失败，未收到有效响应，无法执行状态码断言
2025-09-10 16:55:41,634 - api_automation - INFO - 执行内容包含断言: 期望包含 '{"success": false, "message": "Token验证失败"}'
2025-09-10 16:55:41,634 - api_automation - INFO - 断言成功: 响应内容包含标准化后的 '{"success":false,"message":"Token验证失败"}'
2025-09-10 16:55:41,635 - api_automation - INFO - 测试用例执行完成: 3 - 地址列表查询
2025-09-10 16:55:41,644 - api_automation - INFO - 开始执行测试用例: 1 - 登录
2025-09-10 16:55:41,645 - api_automation - INFO - 发送 POST 请求到 /api/login
2025-09-10 16:55:41,647 - api_automation - INFO - ==================================================
2025-09-10 16:55:41,647 - api_automation - INFO - 开始发送HTTP请求
2025-09-10 16:55:41,647 - api_automation - INFO - 请求方法: POST
2025-09-10 16:55:41,647 - api_automation - INFO - 请求URL: http://5912.org:6666/api/login
2025-09-10 16:55:41,647 - api_automation - INFO - 请求头: {
  "Content-Type": "application/json"
}
2025-09-10 16:55:41,647 - api_automation - INFO - JSON数据: {
  "username": "main",
  "password": "123456"
}
2025-09-10 16:55:41,647 - api_automation - INFO - 超时时间: 30秒
2025-09-10 16:55:41,647 - api_automation - INFO - ------------------------------
2025-09-10 16:55:41,675 - api_automation - INFO - 收到HTTP响应
2025-09-10 16:55:41,675 - api_automation - INFO - 响应状态码: 200
2025-09-10 16:55:41,676 - api_automation - INFO - 响应头: {
  "Server": "Werkzeug/3.1.3 Python/3.9.2",
  "Date": "Wed, 10 Sep 2025 08:55:41 GMT",
  "Content-Type": "text/html; charset=utf-8",
  "Content-Length": "89",
  "Access-Control-Allow-Origin": "*",
  "Connection": "close"
}
2025-09-10 16:55:41,676 - api_automation - INFO - 响应体: {"success": true, "message": "登录成功", "token": "7bdb5933aeae425aa148e950e6db569a"}
2025-09-10 16:55:41,676 - api_automation - INFO - 响应时间: 0.021036秒
2025-09-10 16:55:41,677 - api_automation - INFO - ==================================================
2025-09-10 16:55:41,677 - api_automation - INFO - 执行状态码断言: 期望 200
2025-09-10 16:55:41,678 - api_automation - INFO - 断言成功: 状态码 200 == 200
2025-09-10 16:55:41,678 - api_automation - INFO - 开始提取变量（简化格式）: 键=token=token
2025-09-10 16:55:41,678 - api_automation - INFO - JSON路径提取成功: token -> 7bdb5933aeae425aa148e950e6db569a
2025-09-10 16:55:41,679 - api_automation - INFO - 设置变量: token = 7bdb5933aeae425aa148e950e6db569a
2025-09-10 16:55:41,680 - api_automation - INFO - 变量提取成功: token = 7bdb5933aeae425aa148e950e6db569a
2025-09-10 16:55:41,681 - api_automation - INFO - 测试用例执行完成: 1 - 登录
2025-09-10 16:55:41,696 - api_automation - INFO - 开始执行测试用例: 2 - 地址列表验证
2025-09-10 16:55:41,696 - api_automation - INFO - 发送 POST 请求到 /api/address/list
2025-09-10 16:55:41,698 - api_automation - INFO - ==================================================
2025-09-10 16:55:41,699 - api_automation - INFO - 开始发送HTTP请求
2025-09-10 16:55:41,699 - api_automation - INFO - 请求方法: POST
2025-09-10 16:55:41,699 - api_automation - INFO - 请求URL: http://5912.org:6666/api/address/list
2025-09-10 16:55:41,699 - api_automation - INFO - 请求头: {
  "Content-Type": "application/json"
}
2025-09-10 16:55:41,699 - api_automation - INFO - JSON数据: {
  "username": "main",
  "token": "7bdb5933aeae425aa148e950e6db569a"
}
2025-09-10 16:55:41,699 - api_automation - INFO - 超时时间: 30秒
2025-09-10 16:55:41,700 - api_automation - INFO - ------------------------------
2025-09-10 16:55:41,730 - api_automation - INFO - 收到HTTP响应
2025-09-10 16:55:41,731 - api_automation - INFO - 响应状态码: 200
2025-09-10 16:55:41,731 - api_automation - INFO - 响应头: {
  "Server": "Werkzeug/3.1.3 Python/3.9.2",
  "Date": "Wed, 10 Sep 2025 08:55:41 GMT",
  "Content-Type": "text/html; charset=utf-8",
  "Content-Length": "305",
  "Access-Control-Allow-Origin": "*",
  "Connection": "close"
}
2025-09-10 16:55:41,732 - api_automation - INFO - 响应体: {"success": true, "message": "查询成功", "data": [{"id": 3, "name": "张三", "phone": "13800138000", "province": "北京市", "city": "北京市", "district": "朝阳区", "detail": "某某街道123号", "is_default": false, "created_at": "2025-08-20 09:06:27", "updated_at": "2025-08-20 09:06:27"}]}
2025-09-10 16:55:41,732 - api_automation - INFO - 响应时间: 0.0224秒
2025-09-10 16:55:41,732 - api_automation - INFO - ==================================================
2025-09-10 16:55:41,732 - api_automation - INFO - 执行状态码断言: 期望 200
2025-09-10 16:55:41,733 - api_automation - INFO - 断言成功: 状态码 200 == 200
2025-09-10 16:55:41,733 - api_automation - INFO - 执行内容包含断言: 期望包含 '{"success": true, "message": "查询成功", "data": [{"id": 3, "name": "张三", "phone": "13800138000", "province": "北京市", "city": "北京市", "district": "朝阳区", "detail": "某某街道123号", "is_default": false, "created_at": "2025-08-20 09:06:27", "updated_at": "2025-08-20 09:06:27"}]}'
2025-09-10 16:55:41,734 - api_automation - INFO - 断言成功: 响应内容包含标准化后的 '{"success":true,"message":"查询成功","data":[{"id":3,"name":"张三","phone":"13800138000","province":"北京市","city":"北京市","district":"朝阳区","detail":"某某街道123号","is_default":false,"created_at":"2025-08-20 09:06:27","updated_at":"2025-08-20 09:06:27"}]}'
2025-09-10 16:55:41,736 - api_automation - INFO - 测试用例执行完成: 2 - 地址列表验证
2025-09-10 16:55:41,747 - api_automation - INFO - 开始执行测试用例: 3 - 地址列表传参缺失验证
2025-09-10 16:55:41,748 - api_automation - INFO - 发送 POST 请求到 /api/address/list
2025-09-10 16:55:41,749 - api_automation - INFO - ==================================================
2025-09-10 16:55:41,749 - api_automation - INFO - 开始发送HTTP请求
2025-09-10 16:55:41,749 - api_automation - INFO - 请求方法: POST
2025-09-10 16:55:41,749 - api_automation - INFO - 请求URL: http://5912.org:6666/api/address/list
2025-09-10 16:55:41,749 - api_automation - INFO - 请求头: {
  "Content-Type": "application/json"
}
2025-09-10 16:55:41,749 - api_automation - INFO - JSON数据: {
  "username": "main"
}
2025-09-10 16:55:41,750 - api_automation - INFO - 超时时间: 30秒
2025-09-10 16:55:41,750 - api_automation - INFO - ------------------------------
2025-09-10 16:55:41,777 - api_automation - INFO - 收到HTTP响应
2025-09-10 16:55:41,778 - api_automation - INFO - 响应状态码: 401
2025-09-10 16:55:41,779 - api_automation - INFO - 响应头: {
  "Server": "Werkzeug/3.1.3 Python/3.9.2",
  "Date": "Wed, 10 Sep 2025 08:55:41 GMT",
  "Content-Type": "text/html; charset=utf-8",
  "Content-Length": "56",
  "Access-Control-Allow-Origin": "*",
  "Connection": "close"
}
2025-09-10 16:55:41,779 - api_automation - INFO - 响应体: {"success": false, "message": "缺少用户名或Token"}
2025-09-10 16:55:41,779 - api_automation - INFO - 响应时间: 0.017594秒
2025-09-10 16:55:41,780 - api_automation - INFO - ==================================================
2025-09-10 16:55:41,780 - api_automation - INFO - 执行状态码断言: 期望 401
2025-09-10 16:55:41,781 - api_automation - ERROR - 请求发送失败，未收到有效响应，无法执行状态码断言
2025-09-10 16:55:41,781 - api_automation - INFO - 执行内容包含断言: 期望包含 '{"success": false, "message": "缺少用户名或Token"}'
2025-09-10 16:55:41,782 - api_automation - INFO - 断言成功: 响应内容包含标准化后的 '{"success":false,"message":"缺少用户名或Token"}'
2025-09-10 16:55:41,783 - api_automation - INFO - 测试用例执行完成: 3 - 地址列表传参缺失验证
2025-09-10 16:55:41,797 - api_automation - INFO - 开始执行测试用例: 4 - 查询地址列表登录失败验证
2025-09-10 16:55:41,797 - api_automation - INFO - 发送 POST 请求到 /api/address/list
2025-09-10 16:55:41,798 - api_automation - INFO - ==================================================
2025-09-10 16:55:41,799 - api_automation - INFO - 开始发送HTTP请求
2025-09-10 16:55:41,799 - api_automation - INFO - 请求方法: POST
2025-09-10 16:55:41,799 - api_automation - INFO - 请求URL: http://5912.org:6666/api/address/list
2025-09-10 16:55:41,799 - api_automation - INFO - 请求头: {
  "Content-Type": "application/json"
}
2025-09-10 16:55:41,799 - api_automation - INFO - JSON数据: {
  "username": "test",
  "token": "7bdb5933aeae425aa148e950e6db569a"
}
2025-09-10 16:55:41,799 - api_automation - INFO - 超时时间: 30秒
2025-09-10 16:55:41,799 - api_automation - INFO - ------------------------------
2025-09-10 16:55:41,827 - api_automation - INFO - 收到HTTP响应
2025-09-10 16:55:41,828 - api_automation - INFO - 响应状态码: 401
2025-09-10 16:55:41,828 - api_automation - INFO - 响应头: {
  "Server": "Werkzeug/3.1.3 Python/3.9.2",
  "Date": "Wed, 10 Sep 2025 08:55:42 GMT",
  "Content-Type": "text/html; charset=utf-8",
  "Content-Length": "50",
  "Access-Control-Allow-Origin": "*",
  "Connection": "close"
}
2025-09-10 16:55:41,829 - api_automation - INFO - 响应体: {"success": false, "message": "Token验证失败"}
2025-09-10 16:55:41,829 - api_automation - INFO - 响应时间: 0.020278秒
2025-09-10 16:55:41,830 - api_automation - INFO - ==================================================
2025-09-10 16:55:41,830 - api_automation - INFO - 执行状态码断言: 期望 401
2025-09-10 16:55:41,830 - api_automation - ERROR - 请求发送失败，未收到有效响应，无法执行状态码断言
2025-09-10 16:55:41,831 - api_automation - INFO - 执行内容包含断言: 期望包含 '{"success": false, "message": "Token验证失败"}'
2025-09-10 16:55:41,831 - api_automation - INFO - 断言成功: 响应内容包含标准化后的 '{"success":false,"message":"Token验证失败"}'
2025-09-10 16:55:41,833 - api_automation - INFO - 测试用例执行完成: 4 - 查询地址列表登录失败验证
2025-09-10 16:55:41,847 - api_automation - INFO - 开始执行测试用例: 1 - 地址列表验证
2025-09-10 16:55:41,848 - api_automation - INFO - 发送 POST 请求到 /api/address/list
2025-09-10 16:55:41,849 - api_automation - INFO - ==================================================
2025-09-10 16:55:41,849 - api_automation - INFO - 开始发送HTTP请求
2025-09-10 16:55:41,849 - api_automation - INFO - 请求方法: POST
2025-09-10 16:55:41,849 - api_automation - INFO - 请求URL: http://5912.org:6666/api/address/list
2025-09-10 16:55:41,849 - api_automation - INFO - 请求头: {
  "Content-Type": "application/json"
}
2025-09-10 16:55:41,849 - api_automation - INFO - JSON数据: {
  "username": "main",
  "token": "7bdb5933aeae425aa148e950e6db569a"
}
2025-09-10 16:55:41,850 - api_automation - INFO - 超时时间: 30秒
2025-09-10 16:55:41,850 - api_automation - INFO - ------------------------------
2025-09-10 16:55:41,885 - api_automation - INFO - 收到HTTP响应
2025-09-10 16:55:41,885 - api_automation - INFO - 响应状态码: 200
2025-09-10 16:55:41,886 - api_automation - INFO - 响应头: {
  "Server": "Werkzeug/3.1.3 Python/3.9.2",
  "Date": "Wed, 10 Sep 2025 08:55:42 GMT",
  "Content-Type": "text/html; charset=utf-8",
  "Content-Length": "305",
  "Access-Control-Allow-Origin": "*",
  "Connection": "close"
}
2025-09-10 16:55:41,886 - api_automation - INFO - 响应体: {"success": true, "message": "查询成功", "data": [{"id": 3, "name": "张三", "phone": "13800138000", "province": "北京市", "city": "北京市", "district": "朝阳区", "detail": "某某街道123号", "is_default": false, "created_at": "2025-08-20 09:06:27", "updated_at": "2025-08-20 09:06:27"}]}
2025-09-10 16:55:41,887 - api_automation - INFO - 响应时间: 0.029092秒
2025-09-10 16:55:41,887 - api_automation - INFO - ==================================================
2025-09-10 16:55:41,887 - api_automation - INFO - 执行状态码断言: 期望 200
2025-09-10 16:55:41,888 - api_automation - INFO - 断言成功: 状态码 200 == 200
2025-09-10 16:55:41,888 - api_automation - INFO - 执行内容包含断言: 期望包含 '{"success": true, "message": "查询成功", "data": [{"id": 3, "name": "张三", "phone": "13800138000", "province": "北京市", "city": "北京市", "district": "朝阳区", "detail": "某某街道123号", "is_default": false, "created_at": "2025-08-20 09:06:27", "updated_at": "2025-08-20 09:06:27"}]}'
2025-09-10 16:55:41,888 - api_automation - INFO - 断言成功: 响应内容包含标准化后的 '{"success":true,"message":"查询成功","data":[{"id":3,"name":"张三","phone":"13800138000","province":"北京市","city":"北京市","district":"朝阳区","detail":"某某街道123号","is_default":false,"created_at":"2025-08-20 09:06:27","updated_at":"2025-08-20 09:06:27"}]}'
2025-09-10 16:55:41,890 - api_automation - INFO - 测试用例执行完成: 1 - 地址列表验证
2025-09-10 16:55:41,902 - api_automation - INFO - 开始执行测试用例: 2 - 地址列表传参缺失验证
2025-09-10 16:55:41,903 - api_automation - INFO - 发送 POST 请求到 /api/address/list
2025-09-10 16:55:41,904 - api_automation - INFO - ==================================================
2025-09-10 16:55:41,904 - api_automation - INFO - 开始发送HTTP请求
2025-09-10 16:55:41,904 - api_automation - INFO - 请求方法: POST
2025-09-10 16:55:41,904 - api_automation - INFO - 请求URL: http://5912.org:6666/api/address/list
2025-09-10 16:55:41,904 - api_automation - INFO - 请求头: {
  "Content-Type": "application/json"
}
2025-09-10 16:55:41,904 - api_automation - INFO - JSON数据: {
  "username": "main"
}
2025-09-10 16:55:41,904 - api_automation - INFO - 超时时间: 30秒
2025-09-10 16:55:41,905 - api_automation - INFO - ------------------------------
2025-09-10 16:55:41,928 - api_automation - INFO - 收到HTTP响应
2025-09-10 16:55:41,929 - api_automation - INFO - 响应状态码: 401
2025-09-10 16:55:41,929 - api_automation - INFO - 响应头: {
  "Server": "Werkzeug/3.1.3 Python/3.9.2",
  "Date": "Wed, 10 Sep 2025 08:55:42 GMT",
  "Content-Type": "text/html; charset=utf-8",
  "Content-Length": "56",
  "Access-Control-Allow-Origin": "*",
  "Connection": "close"
}
2025-09-10 16:55:41,930 - api_automation - INFO - 响应体: {"success": false, "message": "缺少用户名或Token"}
2025-09-10 16:55:41,930 - api_automation - INFO - 响应时间: 0.017548秒
2025-09-10 16:55:41,930 - api_automation - INFO - ==================================================
2025-09-10 16:55:41,931 - api_automation - INFO - 执行状态码断言: 期望 401
2025-09-10 16:55:41,931 - api_automation - ERROR - 请求发送失败，未收到有效响应，无法执行状态码断言
2025-09-10 16:55:41,931 - api_automation - INFO - 执行内容包含断言: 期望包含 '{"success": false, "message": "缺少用户名或Token"}'
2025-09-10 16:55:41,932 - api_automation - INFO - 断言成功: 响应内容包含标准化后的 '{"success":false,"message":"缺少用户名或Token"}'
2025-09-10 16:55:41,934 - api_automation - INFO - 测试用例执行完成: 2 - 地址列表传参缺失验证
2025-09-10 16:55:41,947 - api_automation - INFO - 开始执行测试用例: 3 - 查询地址列表登录失败验证
2025-09-10 16:55:41,947 - api_automation - INFO - 发送 POST 请求到 /api/address/list
2025-09-10 16:55:41,949 - api_automation - INFO - ==================================================
2025-09-10 16:55:41,949 - api_automation - INFO - 开始发送HTTP请求
2025-09-10 16:55:41,949 - api_automation - INFO - 请求方法: POST
2025-09-10 16:55:41,949 - api_automation - INFO - 请求URL: http://5912.org:6666/api/address/list
2025-09-10 16:55:41,949 - api_automation - INFO - 请求头: {
  "Content-Type": "application/json"
}
2025-09-10 16:55:41,949 - api_automation - INFO - JSON数据: {
  "username": "test",
  "token": "7bdb5933aeae425aa148e950e6db569a"
}
2025-09-10 16:55:41,949 - api_automation - INFO - 超时时间: 30秒
2025-09-10 16:55:41,949 - api_automation - INFO - ------------------------------
2025-09-10 16:55:41,984 - api_automation - INFO - 收到HTTP响应
2025-09-10 16:55:41,985 - api_automation - INFO - 响应状态码: 401
2025-09-10 16:55:41,985 - api_automation - INFO - 响应头: {
  "Server": "Werkzeug/3.1.3 Python/3.9.2",
  "Date": "Wed, 10 Sep 2025 08:55:42 GMT",
  "Content-Type": "text/html; charset=utf-8",
  "Content-Length": "50",
  "Access-Control-Allow-Origin": "*",
  "Connection": "close"
}
2025-09-10 16:55:41,986 - api_automation - INFO - 响应体: {"success": false, "message": "Token验证失败"}
2025-09-10 16:55:41,986 - api_automation - INFO - 响应时间: 0.025658秒
2025-09-10 16:55:41,986 - api_automation - INFO - ==================================================
2025-09-10 16:55:41,986 - api_automation - INFO - 执行状态码断言: 期望 200
2025-09-10 16:55:41,987 - api_automation - ERROR - 请求发送失败，未收到有效响应，无法执行状态码断言
2025-09-10 16:55:41,987 - api_automation - INFO - 执行内容包含断言: 期望包含 '{"success": false, "message": "Token验证失败111"}'
2025-09-10 16:55:41,987 - api_automation - ERROR - 内容包含断言失败: 标准化后的期望内容 '{"success":false,"message":"Token验证失败111"}' 未找到. 
2025-09-10 16:55:41,988 - api_automation - ERROR - 内容断言失败: 标准化后的期望内容 '{"success":false,"message":"Token验证失败111"}' 未找到. 
2025-09-10 16:55:42,368 - api_automation - INFO - 测试执行完成
2025-09-10 16:55:42,369 - api_automation - INFO - 测试执行完成，退出码: 1
2025-09-10 16:55:42,369 - api_automation - INFO - 用户指定了 --serve-report 参数，将启动报告服务器
2025-09-10 16:55:42,369 - api_automation - INFO - 启动Allure报告服务器
2025-09-10 16:55:42,369 - api_automation - INFO - 执行命令: allure serve ./reports/allure_reports
2025-09-10 16:55:42,374 - api_automation - ERROR - 未找到allure命令，请确保已安装Allure命令行工具
